"Season","Week","Tm_ID","Opp_ID","Loc","Result","Notes","Date","Playoff","Tm_score","Opp_score","Score_diff","Win","Cal_Week","Multi_Week","Excl_Harbin","Excl_Elo","Opp_Reg","nonOHSAA","nonOHSAA_div"
"2018",2,"10007","10130","H","","",2018-08-23,0,NA,NA,NA,0,"34",NA,0,0,"",1,""
"2018",4,"10007","10121","A","","",2018-09-07,0,NA,NA,NA,0,"36",NA,0,0,"",1,""
"2018",5,"10007","10071","H","","",2018-09-14,0,NA,NA,NA,0,"37",NA,0,0,"",1,""
"2018",6,"10007","10098","A","","",2018-09-21,0,NA,NA,NA,0,"38",NA,0,0,"",1,""
"2018",7,"10007","751","H","","",2018-09-28,0,NA,NA,NA,0,"39",NA,0,0,"13",0,NA
"2018",8,"10007","10085","A","","",2018-10-05,0,NA,NA,NA,0,"40",NA,0,0,"",1,""
"2018",9,"10007","10052","H","","",2018-10-12,0,NA,NA,NA,0,"41",NA,0,0,"",1,""
"2018",10,"10007","10008","A","","",2018-10-19,0,NA,NA,NA,0,"42",NA,0,0,"",1,""
"2018",11,"10007","10128","H","","",2018-10-26,0,NA,NA,NA,0,"43",NA,0,0,"",1,""
"2018",12,"10007","10095","A","*","",2018-11-02,0,NA,NA,NA,0,"44",NA,1,0,"",1,""
"2018",2,"10013","12467","H","","",2018-08-24,0,NA,NA,NA,0,"34",NA,0,0,"",1,""
"2018",3,"10013","10045","A","","",2018-08-31,0,NA,NA,NA,0,"35",NA,0,0,"",1,""
"2018",4,"10013","10123","H","","",2018-09-07,0,NA,NA,NA,0,"36",NA,0,0,"",1,""
"2018",5,"10013","618","A","","",2018-09-14,0,NA,NA,NA,0,"37",NA,0,0,"27",0,NA
"2018",6,"10013","10059","H","","",2018-09-21,0,NA,NA,NA,0,"38",NA,0,0,"",1,""
"2018",7,"10013","10082","A","","",2018-09-28,0,NA,NA,NA,0,"39",NA,0,0,"",1,""
"2018",8,"10013","418","H","","",2018-10-05,0,NA,NA,NA,0,"40",NA,0,0,"25",0,NA
"2018",9,"10013","10018","A","","",2018-10-12,0,NA,NA,NA,0,"41",NA,0,0,"",1,""
"2018",10,"10013","172","A","","",2018-10-19,0,NA,NA,NA,0,"42",NA,0,0,"27",0,NA
"2018",11,"10013","250","H","","",2018-10-26,0,NA,NA,NA,0,"43",NA,0,0,"23",0,NA
"2018",2,"10018","10045","H","","",2018-08-24,0,NA,NA,NA,0,"34",NA,0,0,"",1,""
"2018",3,"10018","10065","A","","",2018-08-31,0,NA,NA,NA,0,"35",NA,0,0,"",1,""
"2018",5,"10018","10123","A","","",2018-09-14,0,NA,NA,NA,0,"37",NA,0,0,"",1,""
"2018",6,"10018","10118","H","","",2018-09-21,0,NA,NA,NA,0,"38",NA,0,0,"",1,""
"2018",7,"10018","10012","A","","",2018-09-28,0,NA,NA,NA,0,"39",NA,0,0,"",1,""
"2018",8,"10018","10082","H","","",2018-10-05,0,NA,NA,NA,0,"40",NA,0,0,"",1,""
"2018",9,"10018","10013","H","","",2018-10-12,0,NA,NA,NA,0,"41",NA,0,0,"",1,""
"2018",10,"10018","418","H","","",2018-10-19,0,NA,NA,NA,0,"42",NA,0,0,"25",0,NA
"2018",11,"10018","10078","A","","",2018-10-26,0,NA,NA,NA,0,"43",NA,0,0,"",1,""
"2018",12,"10018","10059","A","*","",2018-11-02,0,NA,NA,NA,0,"44",NA,1,0,"",1,""
"2018",2,"10040","10117","A","","",2018-08-24,0,NA,NA,NA,0,"34",NA,0,0,"",1,""
"2018",3,"10040","668","H","","",2018-08-31,0,NA,NA,NA,0,"35",NA,0,0,"27",0,NA
"2018",4,"10040","938","A","","",2018-09-07,0,NA,NA,NA,0,"36",NA,0,0,"27",0,NA
"2018",5,"10040","10045","H","","",2018-09-14,0,NA,NA,NA,0,"37",NA,0,0,"",1,""
"2018",6,"10040","10124","H","","",2018-09-21,0,NA,NA,NA,0,"38",NA,0,0,"",1,""
"2018",7,"10040","10635","A","","",2018-09-28,0,NA,NA,NA,0,"39",NA,0,0,"",1,""
"2018",9,"10040","10069","A","","",2018-10-12,0,NA,NA,NA,0,"41",NA,0,0,"",1,""
"2018",10,"10040","10009","H","","",2018-10-19,0,NA,NA,NA,0,"42",NA,0,0,"",1,""
"2018",11,"10040","10084","H","","",2018-10-26,0,NA,NA,NA,0,"43",NA,0,0,"",1,""
"2018",12,"10040","10114","A","*","",2018-11-02,0,NA,NA,NA,0,"44",NA,1,0,"",1,""
"2018",2,"10045","10018","A","","",2018-08-24,0,NA,NA,NA,0,"34",NA,0,0,"",1,""
"2018",3,"10045","10013","H","","",2018-08-31,0,NA,NA,NA,0,"35",NA,0,0,"",1,""
"2018",4,"10045","172","H","","",2018-09-07,0,NA,NA,NA,0,"36",NA,0,0,"27",0,NA
"2018",5,"10045","10040","A","","",2018-09-14,0,NA,NA,NA,0,"37",NA,0,0,"",1,""
"2018",6,"10045","10082","A","","",2018-09-21,0,NA,NA,NA,0,"38",NA,0,0,"",1,""
"2018",7,"10045","10032","H","","",2018-09-28,0,NA,NA,NA,0,"39",NA,0,0,"",1,""
"2018",8,"10045","10123","H","","",2018-10-05,0,NA,NA,NA,0,"40",NA,0,0,"",1,""
"2018",9,"10045","14664","A","","",2018-10-12,0,NA,NA,NA,0,"41",NA,0,0,"",1,""
"2018",10,"10045","10118","A","","",2018-10-19,0,NA,NA,NA,0,"42",NA,0,0,"",1,""
"2018",12,"10045","10069","H","*","",2018-11-02,0,NA,NA,NA,0,"44",NA,1,0,"",1,""
"2018",2,"10052","10121","H","","",2018-08-24,0,NA,NA,NA,0,"34",NA,0,0,"",1,""
"2018",3,"10052","14859","H","","",2018-08-31,0,NA,NA,NA,0,"35",NA,0,0,"",1,""
"2018",4,"10052","10094","H","","",2018-09-07,0,NA,NA,NA,0,"36",NA,0,0,"",1,""
"2018",5,"10052","182","A","","",2018-09-15,0,NA,NA,NA,0,"37",NA,0,0,"19",0,NA
"2018",6,"10052","10085","H","","",2018-09-21,0,NA,NA,NA,0,"38",NA,0,0,"",1,""
"2018",7,"10052","282","A","","",2018-09-28,0,NA,NA,NA,0,"39",NA,0,0,"19",0,NA
"2018",9,"10052","10007","A","","",2018-10-12,0,NA,NA,NA,0,"41",NA,0,0,"",1,""
"2018",10,"10052","10071","A","","",2018-10-19,0,NA,NA,NA,0,"42",NA,0,0,"",1,""
"2018",11,"10052","1618","H","","",2018-10-26,0,NA,NA,NA,0,"43",NA,0,0,"11",0,NA
"2018",12,"10052","10130","A","*","",2018-11-02,0,NA,NA,NA,0,"44",NA,1,0,"",1,""
"2018",2,"10059","250","H","","",2018-08-23,0,NA,NA,NA,0,"34",NA,0,0,"23",0,NA
"2018",3,"10059","10129","A","","",2018-08-31,0,NA,NA,NA,0,"35",NA,0,0,"",1,""
"2018",4,"10059","12485","H","","",2018-09-08,0,NA,NA,NA,0,"36",NA,0,0,"",1,""
"2018",5,"10059","172","H","","",2018-09-15,0,NA,NA,NA,0,"37",NA,0,0,"27",0,NA
"2018",6,"10059","10013","A","","",2018-09-21,0,NA,NA,NA,0,"38",NA,0,0,"",1,""
"2018",7,"10059","10078","H","","",2018-09-29,0,NA,NA,NA,0,"39",NA,0,0,"",1,""
"2018",9,"10059","10124","H","","",2018-10-13,0,NA,NA,NA,0,"41",NA,0,0,"",1,""
"2018",10,"10059","326","A","","",2018-10-20,0,NA,NA,NA,0,"42",NA,0,0,"21",0,NA
"2018",11,"10059","418","A","","",2018-10-26,0,NA,NA,NA,0,"43",NA,0,0,"25",0,NA
"2018",12,"10059","10018","H","*","",2018-11-02,0,NA,NA,NA,0,"44",NA,1,0,"",1,""
"2018",2,"10060","10108","H","","",2018-08-24,0,NA,NA,NA,0,"34",NA,0,0,"",1,""
"2018",3,"10060","10132","H","","",2018-08-31,0,NA,NA,NA,0,"35",NA,0,0,"",1,""
"2018",4,"10060","1406","A","","",2018-09-07,0,NA,NA,NA,0,"36",NA,0,0,"23",0,NA
"2018",5,"10060","1306","A","","",2018-09-14,0,NA,NA,NA,0,"37",NA,0,0,"27",0,NA
"2018",6,"10060","618","H","","",2018-09-21,0,NA,NA,NA,0,"38",NA,0,0,"27",0,NA
"2018",7,"10060","1063","A","","",2018-09-28,0,NA,NA,NA,0,"39",NA,0,0,"27",0,NA
"2018",8,"10060","436","A","","",2018-10-05,0,NA,NA,NA,0,"40",NA,0,0,"17",0,NA
"2018",9,"10060","10105","H","","",2018-10-12,0,NA,NA,NA,0,"41",NA,0,0,"",1,""
"2018",10,"10060","10119","H","","",2018-10-19,0,NA,NA,NA,0,"42",NA,0,0,"",1,""
"2018",12,"10060","10129","H","*","",2018-11-02,0,NA,NA,NA,0,"44",NA,1,0,"",1,""
"2018",2,"10071","10083","H","","",2018-08-24,0,NA,NA,NA,0,"34",NA,0,0,"",1,""
"2018",3,"10071","1488","A","","",2018-08-31,0,NA,NA,NA,0,"35",NA,0,0,"13",0,NA
"2018",4,"10071","14502","A","","",2018-09-07,0,NA,NA,NA,0,"36",NA,0,0,"",1,""
"2018",5,"10071","10007","A","","",2018-09-14,0,NA,NA,NA,0,"37",NA,0,0,"",1,""
"2018",6,"10071","10200","H","","",2018-09-21,0,NA,NA,NA,0,"38",NA,0,0,"",1,""
"2018",7,"10071","10074","H","","",2018-09-28,0,NA,NA,NA,0,"39",NA,0,0,"",1,""
"2018",8,"10071","10130","A","","",2018-10-05,0,NA,NA,NA,0,"40",NA,0,0,"",1,""
"2018",9,"10071","10085","A","","",2018-10-12,0,NA,NA,NA,0,"41",NA,0,0,"",1,""
"2018",10,"10071","10052","H","","",2018-10-19,0,NA,NA,NA,0,"42",NA,0,0,"",1,""
"2018",11,"10071","10121","H","","",2018-10-26,0,NA,NA,NA,0,"43",NA,0,0,"",1,""
"2018",2,"10078","10087","A","","",2018-08-24,0,NA,NA,NA,0,"34",NA,0,0,"",1,""
"2018",3,"10078","10012","A","","",2018-08-31,0,NA,NA,NA,0,"35",NA,0,0,"",1,""
"2018",4,"10078","250","A","","",2018-09-07,0,NA,NA,NA,0,"36",NA,0,0,"23",0,NA
"2018",5,"10078","10111","H","","",2018-09-14,0,NA,NA,NA,0,"37",NA,0,0,"",1,""
"2018",7,"10078","10059","A","","",2018-09-29,0,NA,NA,NA,0,"39",NA,0,0,"",1,""
"2018",8,"10078","10027","H","","",2018-10-05,0,NA,NA,NA,0,"40",NA,0,0,"",1,""
"2018",9,"10078","10084","A","","",2018-10-12,0,NA,NA,NA,0,"41",NA,0,0,"",1,""
"2018",10,"10078","10127","H","","",2018-10-19,0,NA,NA,NA,0,"42",NA,0,0,"",1,""
"2018",11,"10078","10018","H","","",2018-10-26,0,NA,NA,NA,0,"43",NA,0,0,"",1,""
"2018",12,"10078","10116","H","*","",2018-11-02,0,NA,NA,NA,0,"44",NA,1,0,"",1,""
"2018",2,"10079","10128","A","","",2018-08-24,0,NA,NA,NA,0,"34",NA,0,0,"",1,""
"2018",3,"10079","326","H","","",2018-08-31,0,NA,NA,NA,0,"35",NA,0,0,"21",0,NA
"2018",4,"10079","282","A","","",2018-09-07,0,NA,NA,NA,0,"36",NA,0,0,"19",0,NA
"2018",5,"10079","10033","H","","",2018-09-14,0,NA,NA,NA,0,"37",NA,0,0,"",1,""
"2018",6,"10079","500","H","","",2018-09-21,0,NA,NA,NA,0,"38",NA,0,0,"13",0,NA
"2018",7,"10079","519","A","","",2018-09-28,0,NA,NA,NA,0,"39",NA,0,0,"19",0,NA
"2018",8,"10079","1618","A","","",2018-10-05,0,NA,NA,NA,0,"40",NA,0,0,"11",0,NA
"2018",9,"10079","294","H","","",2018-10-12,0,NA,NA,NA,0,"41",NA,0,0,"15",0,NA
"2018",10,"10079","10023","A","","",2018-10-19,0,NA,NA,NA,0,"42",NA,0,0,"",1,""
"2018",11,"10079","176","H","","",2018-10-26,0,NA,NA,NA,0,"43",NA,0,0,"13",0,NA
"2018",2,"10082","10084","H","","",2018-08-24,0,NA,NA,NA,0,"34",NA,0,0,"",1,""
"2018",3,"10082","10134","A","","",2018-08-31,0,NA,NA,NA,0,"35",NA,0,0,"",1,""
"2018",4,"10082","10124","H","","",2018-09-07,0,NA,NA,NA,0,"36",NA,0,0,"",1,""
"2018",5,"10082","250","A","","",2018-09-14,0,NA,NA,NA,0,"37",NA,0,0,"23",0,NA
"2018",6,"10082","10045","H","","",2018-09-21,0,NA,NA,NA,0,"38",NA,0,0,"",1,""
"2018",7,"10082","10013","H","","",2018-09-28,0,NA,NA,NA,0,"39",NA,0,0,"",1,""
"2018",8,"10082","10018","A","","",2018-10-05,0,NA,NA,NA,0,"40",NA,0,0,"",1,""
"2018",9,"10082","12485","H","","",2018-10-12,0,NA,NA,NA,0,"41",NA,0,0,"",1,""
"2018",11,"10082","172","H","","",2018-10-26,0,NA,NA,NA,0,"43",NA,0,0,"27",0,NA
"2018",12,"10082","10123","A","*","",2018-11-02,0,NA,NA,NA,0,"44",NA,1,0,"",1,""
"2018",2,"10083","10071","A","","",2018-08-24,0,NA,NA,NA,0,"34",NA,0,0,"",1,""
"2018",3,"10083","10011","H","","",2018-08-31,0,NA,NA,NA,0,"35",NA,0,0,"",1,""
"2018",4,"10083","10135","A","","",2018-09-07,0,NA,NA,NA,0,"36",NA,0,0,"",1,""
"2018",5,"10083","10014","H","","",2018-09-14,0,NA,NA,NA,0,"37",NA,0,0,"",1,""
"2018",6,"10083","956","A","","",2018-09-21,0,NA,NA,NA,0,"38",NA,0,0,"11",0,NA
"2018",7,"10083","10130","H","","",2018-09-28,0,NA,NA,NA,0,"39",NA,0,0,"",1,""
"2018",8,"10083","10030","H","","",2018-10-05,0,NA,NA,NA,0,"40",NA,0,0,"",1,""
"2018",9,"10083","10047","A","","",2018-10-12,0,NA,NA,NA,0,"41",NA,0,0,"",1,""
"2018",11,"10083","10046","A","","",2018-10-26,0,NA,NA,NA,0,"43",NA,0,0,"",1,""
"2018",12,"10083","10085","H","*","",2018-11-02,0,NA,NA,NA,0,"44",NA,1,0,"",1,""
"2018",2,"10085","10098","H","","",2018-08-24,0,NA,NA,NA,0,"34",NA,0,0,"",1,""
"2018",3,"10085","10121","H","","",2018-08-31,0,NA,NA,NA,0,"35",NA,0,0,"",1,""
"2018",4,"10085","144","A","","",2018-09-07,0,NA,NA,NA,0,"36",NA,0,0,"11",0,NA
"2018",5,"10085","10095","H","","",2018-09-14,0,NA,NA,NA,0,"37",NA,0,0,"",1,""
"2018",6,"10085","10052","A","","",2018-09-21,0,NA,NA,NA,0,"38",NA,0,0,"",1,""
"2018",8,"10085","10007","H","","",2018-10-05,0,NA,NA,NA,0,"40",NA,0,0,"",1,""
"2018",9,"10085","10071","H","","",2018-10-12,0,NA,NA,NA,0,"41",NA,0,0,"",1,""
"2018",10,"10085","10035","A","","",2018-10-19,0,NA,NA,NA,0,"42",NA,0,0,"",1,""
"2018",11,"10085","10130","H","","",2018-10-26,0,NA,NA,NA,0,"43",NA,0,0,"",1,""
"2018",12,"10085","10083","A","*","",2018-11-02,0,NA,NA,NA,0,"44",NA,1,0,"",1,""
"2018",2,"10093","10143","A","","",2018-08-24,0,NA,NA,NA,0,"34",NA,0,0,"",1,""
"2018",3,"10093","10111","A","","",2018-08-31,0,NA,NA,NA,0,"35",NA,0,0,"",1,""
"2018",4,"10093","1618","H","","",2018-09-07,0,NA,NA,NA,0,"36",NA,0,0,"11",0,NA
"2018",5,"10093","10044","H","","",2018-09-14,0,NA,NA,NA,0,"37",NA,0,0,"",1,""
"2018",6,"10093","10714","H","","",2018-09-21,0,NA,NA,NA,0,"38",NA,0,0,"",1,""
"2018",9,"10093","1008","A","","",2018-10-12,0,NA,NA,NA,0,"41",NA,0,0,"15",0,NA
"2018",10,"10093","10061","A","","",2018-10-19,0,NA,NA,NA,0,"42",NA,0,0,"",1,""
"2018",11,"10093","10112","H","","",2018-10-26,0,NA,NA,NA,0,"43",NA,0,0,"",1,""
"2018",12,"10093","10050","H","*","",2018-11-02,0,NA,NA,NA,0,"44",NA,1,0,"",1,""
"2018",2,"10096","10125","H","","",2018-08-24,0,NA,NA,NA,0,"34",NA,0,0,"",1,""
"2018",3,"10096","10127","A","","",2018-08-31,0,NA,NA,NA,0,"35",NA,0,0,"",1,""
"2018",5,"10096","10132","H","","",2018-09-14,0,NA,NA,NA,0,"37",NA,0,0,"",1,""
"2018",6,"10096","10108","H","","",2018-09-21,0,NA,NA,NA,0,"38",NA,0,0,"",1,""
"2018",7,"10096","10099","A","","",2018-09-28,0,NA,NA,NA,0,"39",NA,0,0,"",1,""
"2018",8,"10096","1454","H","","",2018-10-05,0,NA,NA,NA,0,"40",NA,0,0,"27",0,NA
"2018",9,"10096","10019","A","","",2018-10-12,0,NA,NA,NA,0,"41",NA,0,0,"",1,""
"2018",10,"10096","10101","A","","",2018-10-19,0,NA,NA,NA,0,"42",NA,0,0,"",1,""
"2018",11,"10096","10105","A","","",2018-10-26,0,NA,NA,NA,0,"43",NA,0,0,"",1,""
"2018",12,"10096","10098","H","*","",2018-11-02,0,NA,NA,NA,0,"44",NA,1,0,"",1,""
"2018",2,"10098","10085","A","","",2018-08-24,0,NA,NA,NA,0,"34",NA,0,0,"",1,""
"2018",3,"10098","10008","A","","",2018-08-31,0,NA,NA,NA,0,"35",NA,0,0,"",1,""
"2018",4,"10098","10100","H","","",2018-09-07,0,NA,NA,NA,0,"36",NA,0,0,"",1,""
"2018",5,"10098","956","H","","",2018-09-14,0,NA,NA,NA,0,"37",NA,0,0,"11",0,NA
"2018",6,"10098","10007","H","","",2018-09-21,0,NA,NA,NA,0,"38",NA,0,0,"",1,""
"2018",8,"10098","10095","H","","",2018-10-05,0,NA,NA,NA,0,"40",NA,0,0,"",1,""
"2018",9,"10098","10035","A","","",2018-10-12,0,NA,NA,NA,0,"41",NA,0,0,"",1,""
"2018",10,"10098","10103","A","","",2018-10-19,0,NA,NA,NA,0,"42",NA,0,0,"",1,""
"2018",11,"10098","10101","H","","",2018-10-26,0,NA,NA,NA,0,"43",NA,0,0,"",1,""
"2018",12,"10098","10096","A","*","",2018-11-02,0,NA,NA,NA,0,"44",NA,1,0,"",1,""
"2018",2,"10099","10119","A","","",2018-08-24,0,NA,NA,NA,0,"34",NA,0,0,"",1,""
"2018",3,"10099","10084","A","","",2018-08-31,0,NA,NA,NA,0,"35",NA,0,0,"",1,""
"2018",4,"10099","618","H","","",2018-09-07,0,NA,NA,NA,0,"36",NA,0,0,"27",0,NA
"2018",5,"10099","10105","A","","",2018-09-13,0,NA,NA,NA,0,"37",NA,0,0,"",1,""
"2018",6,"10099","10019","H","","",2018-09-21,0,NA,NA,NA,0,"38",NA,0,0,"",1,""
"2018",7,"10099","10096","H","","",2018-09-28,0,NA,NA,NA,0,"39",NA,0,0,"",1,""
"2018",9,"10099","10127","A","","",2018-10-12,0,NA,NA,NA,0,"41",NA,0,0,"",1,""
"2018",10,"10099","10134","A","","",2018-10-19,0,NA,NA,NA,0,"42",NA,0,0,"",1,""
"2018",11,"10099","10032","H","","",2018-10-26,0,NA,NA,NA,0,"43",NA,0,0,"",1,""
"2018",12,"10099","10012","H","*","",2018-11-02,0,NA,NA,NA,0,"44",NA,1,0,"",1,""
"2018",2,"10114","556","H","","",2018-08-24,0,NA,NA,NA,0,"34",NA,0,0,"15",0,NA
"2018",3,"10114","10009","A","","",2018-08-31,0,NA,NA,NA,0,"35",NA,0,0,"",1,""
"2018",4,"10114","10140","H","","",2018-09-07,0,NA,NA,NA,0,"36",NA,0,0,"",1,""
"2018",5,"10114","10139","A","","",2018-09-14,0,NA,NA,NA,0,"37",NA,0,0,"",1,""
"2018",6,"10114","10117","A","","",2018-09-21,0,NA,NA,NA,0,"38",NA,0,0,"",1,""
"2018",7,"10114","10111","H","","",2018-09-28,0,NA,NA,NA,0,"39",NA,0,0,"",1,""
"2018",8,"10114","10073","A","","",2018-10-05,0,NA,NA,NA,0,"40",NA,0,0,"",1,""
"2018",9,"10114","10119","H","","",2018-10-12,0,NA,NA,NA,0,"41",NA,0,0,"",1,""
"2018",11,"10114","10714","A","","",2018-10-26,0,NA,NA,NA,0,"43",NA,0,0,"",1,""
"2018",12,"10114","10040","H","*","",2018-11-02,0,NA,NA,NA,0,"44",NA,1,0,"",1,""
"2018",2,"10123","10118","H","","",2018-08-24,0,NA,NA,NA,0,"34",NA,0,0,"",1,""
"2018",4,"10123","10013","A","","",2018-09-07,0,NA,NA,NA,0,"36",NA,0,0,"",1,""
"2018",5,"10123","10018","H","","",2018-09-14,0,NA,NA,NA,0,"37",NA,0,0,"",1,""
"2018",6,"10123","172","H","","",2018-09-21,0,NA,NA,NA,0,"38",NA,0,0,"27",0,NA
"2018",7,"10123","10084","A","","",2018-09-28,0,NA,NA,NA,0,"39",NA,0,0,"",1,""
"2018",8,"10123","10045","A","","",2018-10-05,0,NA,NA,NA,0,"40",NA,0,0,"",1,""
"2018",9,"10123","618","A","","",2018-10-12,0,NA,NA,NA,0,"41",NA,0,0,"27",0,NA
"2018",10,"10123","10019","H","","",2018-10-19,0,NA,NA,NA,0,"42",NA,0,0,"",1,""
"2018",11,"10123","10119","A","","",2018-10-26,0,NA,NA,NA,0,"43",NA,0,0,"",1,""
"2018",12,"10123","10082","H","*","",2018-11-02,0,NA,NA,NA,0,"44",NA,1,0,"",1,""
"2018",2,"10125","10096","A","","",2018-08-24,0,NA,NA,NA,0,"34",NA,0,0,"",1,""
"2018",3,"10125","1036","A","","",2018-08-31,0,NA,NA,NA,0,"35",NA,0,0,"27",0,NA
"2018",4,"10125","1454","H","","",2018-09-07,0,NA,NA,NA,0,"36",NA,0,0,"27",0,NA
"2018",5,"10125","194","H","","",2018-09-14,0,NA,NA,NA,0,"37",NA,0,0,"23",0,NA
"2018",6,"10125","578","A","","",2018-09-21,0,NA,NA,NA,0,"38",NA,0,0,"23",0,NA
"2018",7,"10125","494","H","","",2018-09-28,0,NA,NA,NA,0,"39",NA,0,0,"27",0,NA
"2018",8,"10125","1628","A","","",2018-10-05,0,NA,NA,NA,0,"40",NA,0,0,"27",0,NA
"2018",9,"10125","1453","H","","",2018-10-12,0,NA,NA,NA,0,"41",NA,0,0,"27",0,NA
"2018",11,"10125","1540","A","","",2018-10-26,0,NA,NA,NA,0,"43",NA,0,0,"27",0,NA
"2018",12,"10125","10009","H","*","",2018-11-02,0,NA,NA,NA,0,"44",NA,1,0,"",1,""
"2018",2,"10128","10079","H","","",2018-08-24,0,NA,NA,NA,0,"34",NA,0,0,"",1,""
"2018",3,"10128","14900","H","","",2018-08-31,0,NA,NA,NA,0,"35",NA,0,0,"",1,""
"2018",4,"10128","10050","H","","",2018-09-08,0,NA,NA,NA,0,"36",NA,0,0,"",1,""
"2018",5,"10128","10053","H","","",2018-09-14,0,NA,NA,NA,0,"37",NA,0,0,"",1,""
"2018",6,"10128","10088","A","","",2018-09-22,0,NA,NA,NA,0,"38",NA,0,0,"",1,""
"2018",7,"10128","1566","H","","",2018-09-28,0,NA,NA,NA,0,"39",NA,0,0,"19",0,NA
"2018",8,"10128","10026","A","","",2018-10-05,0,NA,NA,NA,0,"40",NA,0,0,"",1,""
"2018",9,"10128","519","H","","",2018-10-12,0,NA,NA,NA,0,"41",NA,0,0,"19",0,NA
"2018",10,"10128","500","A","","",2018-10-19,0,NA,NA,NA,0,"42",NA,0,0,"13",0,NA
"2018",11,"10128","10007","A","","",2018-10-26,0,NA,NA,NA,0,"43",NA,0,0,"",1,""
"2018",2,"10129","10132","A","","",2018-08-23,0,NA,NA,NA,0,"34",NA,0,0,"",1,""
"2018",3,"10129","10059","H","","",2018-08-31,0,NA,NA,NA,0,"35",NA,0,0,"",1,""
"2018",4,"10129","10024","H","","",2018-09-07,0,NA,NA,NA,0,"36",NA,0,0,"",1,""
"2018",6,"10129","10027","H","","",2018-09-21,0,NA,NA,NA,0,"38",NA,0,0,"",1,""
"2018",7,"10129","10200","H","","",2018-09-29,0,NA,NA,NA,0,"39",NA,0,0,"",1,""
"2018",8,"10129","326","A","","",2018-10-06,0,NA,NA,NA,0,"40",NA,0,0,"21",0,NA
"2018",9,"10129","968","H","","",2018-10-12,0,NA,NA,NA,0,"41",NA,0,0,"19",0,NA
"2018",10,"10129","1270","A","","",2018-10-20,0,NA,NA,NA,0,"42",NA,0,0,"20",0,NA
"2018",11,"10129","1406","A","","",2018-10-26,0,NA,NA,NA,0,"43",NA,0,0,"23",0,NA
"2018",12,"10129","10060","A","*","",2018-11-02,0,NA,NA,NA,0,"44",NA,1,0,"",1,""
"2018",2,"10130","10007","A","","",2018-08-23,0,NA,NA,NA,0,"34",NA,0,0,"",1,""
"2018",3,"10130","12489","H","","",2018-08-31,0,NA,NA,NA,0,"35",NA,0,0,"",1,""
"2018",5,"10130","10121","A","","",2018-09-14,0,NA,NA,NA,0,"37",NA,0,0,"",1,""
"2018",6,"10130","300","A","","",2018-09-21,0,NA,NA,NA,0,"38",NA,0,0,"15",0,NA
"2018",7,"10130","10083","A","","",2018-09-28,0,NA,NA,NA,0,"39",NA,0,0,"",1,""
"2018",8,"10130","10071","H","","",2018-10-05,0,NA,NA,NA,0,"40",NA,0,0,"",1,""
"2018",9,"10130","10074","H","","",2018-10-12,0,NA,NA,NA,0,"41",NA,0,0,"",1,""
"2018",10,"10130","10095","H","","",2018-10-19,0,NA,NA,NA,0,"42",NA,0,0,"",1,""
"2018",11,"10130","10085","A","","",2018-10-26,0,NA,NA,NA,0,"43",NA,0,0,"",1,""
"2018",12,"10130","10052","H","*","",2018-11-02,0,NA,NA,NA,0,"44",NA,1,0,"",1,""
"2018",2,"10132","10129","H","","",2018-08-23,0,NA,NA,NA,0,"34",NA,0,0,"",1,""
"2018",3,"10132","10060","A","","",2018-08-31,0,NA,NA,NA,0,"35",NA,0,0,"",1,""
"2018",4,"10132","956","A","","",2018-09-07,0,NA,NA,NA,0,"36",NA,0,0,"11",0,NA
"2018",5,"10132","10096","A","","",2018-09-14,0,NA,NA,NA,0,"37",NA,0,0,"",1,""
"2018",6,"10132","10009","A","","",2018-09-21,0,NA,NA,NA,0,"38",NA,0,0,"",1,""
"2018",7,"10132","10105","H","","",2018-09-28,0,NA,NA,NA,0,"39",NA,0,0,"",1,""
"2018",8,"10132","10119","H","","",2018-10-05,0,NA,NA,NA,0,"40",NA,0,0,"",1,""
"2018",9,"10132","1618","H","","",2018-10-12,0,NA,NA,NA,0,"41",NA,0,0,"11",0,NA
"2018",10,"10132","10084","H","","",2018-10-19,0,NA,NA,NA,0,"42",NA,0,0,"",1,""
"2018",11,"10132","10019","A","","",2018-10-26,0,NA,NA,NA,0,"43",NA,0,0,"",1,""
"2018",2,"10200","492","H","","",2018-08-25,0,NA,NA,NA,0,"34",NA,0,0,"23",0,NA
"2018",3,"10200","12497","H","","",2018-09-01,0,NA,NA,NA,0,"35",NA,0,0,"",1,""
"2018",4,"10200","1058","H","","",2018-09-08,0,NA,NA,NA,0,"36",NA,0,0,"21",0,NA
"2018",5,"10200","12492","A","","",2018-09-14,0,NA,NA,NA,0,"37",NA,0,0,"",1,""
"2018",6,"10200","10071","A","","",2018-09-21,0,NA,NA,NA,0,"38",NA,0,0,"",1,""
"2018",7,"10200","10129","A","","",2018-09-29,0,NA,NA,NA,0,"39",NA,0,0,"",1,""
"2018",8,"10200","9900","H","","",2018-10-06,0,NA,NA,NA,0,"40",NA,0,0,"",1,""
"2018",10,"10200","1000","A","","",2018-10-19,0,NA,NA,NA,0,"42",NA,0,0,"19",0,NA
"2018",11,"10200","436","A","","",2018-10-26,0,NA,NA,NA,0,"43",NA,0,0,"17",0,NA
"2018",12,"10200","12801","H","*","",2018-11-03,0,NA,NA,NA,0,"44",NA,1,0,"",1,""
"2018",1,"10506","10612","H","","",2018-08-18,0,NA,NA,NA,0,"33",NA,0,0,"",1,""
"2018",2,"10506","10724","H","","",2018-08-24,0,NA,NA,NA,0,"34",NA,0,0,"",1,""
"2018",3,"10506","10030","A","","",2018-08-31,0,NA,NA,NA,0,"35",NA,0,0,"",1,""
"2018",4,"10506","10731","H","","",2018-09-07,0,NA,NA,NA,0,"36",NA,0,0,"",1,""
"2018",5,"10506","760","A","","",2018-09-14,0,NA,NA,NA,0,"37",NA,0,0,"19",0,NA
"2018",6,"10506","10730","H","","",2018-09-21,0,NA,NA,NA,0,"38",NA,0,0,"",1,""
"2018",7,"10506","10528","H","","",2018-09-28,0,NA,NA,NA,0,"39",NA,0,0,"",1,""
"2018",8,"10506","10576","H","","",2018-10-05,0,NA,NA,NA,0,"40",NA,0,0,"",1,""
"2018",9,"10506","10609","A","","",2018-10-12,0,NA,NA,NA,0,"41",NA,0,0,"",1,""
"2018",10,"10506","10637","A","","",2018-10-19,0,NA,NA,NA,0,"42",NA,0,0,"",1,""
"2018",1,"10519","10693","H","","",2018-08-17,0,NA,NA,NA,0,"33",NA,0,0,"",1,""
"2018",2,"10519","10570","A","","",2018-08-24,0,NA,NA,NA,0,"34",NA,0,0,"",1,""
"2018",3,"10519","10524","A","","",2018-08-31,0,NA,NA,NA,0,"35",NA,0,0,"",1,""
"2018",4,"10519","1340","A","","",2018-09-08,0,NA,NA,NA,0,"36",NA,0,0,"24",0,NA
"2018",5,"10519","10601","H","","",2018-09-14,0,NA,NA,NA,0,"37",NA,0,0,"",1,""
"2018",7,"10519","10691","H","","",2018-09-28,0,NA,NA,NA,0,"39",NA,0,0,"",1,""
"2018",8,"10519","10516","A","","",2018-10-04,0,NA,NA,NA,0,"40",NA,0,0,"",1,""
"2018",9,"10519","10570","H","","",2018-10-12,0,NA,NA,NA,0,"41",NA,0,0,"",1,""
"2018",10,"10519","10659","H","","",2018-10-19,0,NA,NA,NA,0,"42",NA,0,0,"",1,""
"2018",11,"10519","10770","A","","",2018-10-26,0,NA,NA,NA,0,"43",NA,0,0,"",1,""
"2018",2,"10528","10588","A","","",2018-08-24,0,NA,NA,NA,0,"34",NA,0,0,"",1,""
"2018",3,"10528","1458","H","","",2018-08-31,0,NA,NA,NA,0,"35",NA,0,0,"19",0,NA
"2018",4,"10528","10584","H","","",2018-09-07,0,NA,NA,NA,0,"36",NA,0,0,"",1,""
"2018",5,"10528","10731","A","","",2018-09-14,0,NA,NA,NA,0,"37",NA,0,0,"",1,""
"2018",6,"10528","10637","H","","",2018-09-21,0,NA,NA,NA,0,"38",NA,0,0,"",1,""
"2018",7,"10528","10506","A","","",2018-09-28,0,NA,NA,NA,0,"39",NA,0,0,"",1,""
"2018",8,"10528","10730","A","","",2018-10-05,0,NA,NA,NA,0,"40",NA,0,0,"",1,""
"2018",9,"10528","10576","H","","",2018-10-12,0,NA,NA,NA,0,"41",NA,0,0,"",1,""
"2018",10,"10528","10609","H","","",2018-10-19,0,NA,NA,NA,0,"42",NA,0,0,"",1,""
"2018",11,"10528","10742","A","","",2018-10-26,0,NA,NA,NA,0,"43",NA,0,0,"",1,""
"2018",1,"10544","10573","A","","",2018-08-17,0,NA,NA,NA,0,"33",NA,0,0,"",1,""
"2018",2,"10544","10623","H","","",2018-08-24,0,NA,NA,NA,0,"34",NA,0,0,"",1,""
"2018",3,"10544","10692","A","","",2018-08-31,0,NA,NA,NA,0,"35",NA,0,0,"",1,""
"2018",4,"10544","10788","H","","",2018-09-07,0,NA,NA,NA,0,"36",NA,0,0,"",1,""
"2018",5,"10544","10734","H","","",2018-09-14,0,NA,NA,NA,0,"37",NA,0,0,"",1,""
"2018",7,"10544","1074","A","","",2018-09-28,0,NA,NA,NA,0,"39",NA,0,0,"12",0,NA
"2018",8,"10544","10558","H","","",2018-10-05,0,NA,NA,NA,0,"40",NA,0,0,"",1,""
"2018",9,"10544","10745","H","","",2018-10-12,0,NA,NA,NA,0,"41",NA,0,0,"",1,""
"2018",10,"10544","10525","A","","",2018-10-19,0,NA,NA,NA,0,"42",NA,0,0,"",1,""
"2018",11,"10544","10562","A","","",2018-10-26,0,NA,NA,NA,0,"43",NA,0,0,"",1,""
"2018",1,"10562","10734","A","","",2018-08-17,0,NA,NA,NA,0,"33",NA,0,0,"",1,""
"2018",2,"10562","10619","N","","",2018-08-24,0,NA,NA,NA,0,"34",NA,0,0,"",1,""
"2018",3,"10562","10788","A","","",2018-08-31,0,NA,NA,NA,0,"35",NA,0,0,"",1,""
"2018",4,"10562","810","H","","",2018-09-07,0,NA,NA,NA,0,"36",NA,0,0,"8",0,NA
"2018",5,"10562","10516","H","","",2018-09-14,0,NA,NA,NA,0,"37",NA,0,0,"",1,""
"2018",6,"10562","1348","A","","",2018-09-21,0,NA,NA,NA,0,"38",NA,0,0,"11",0,NA
"2018",8,"10562","13164","A","","",2018-10-05,0,NA,NA,NA,0,"40",NA,0,0,"",1,""
"2018",9,"10562","10623","A","","",2018-10-12,0,NA,NA,NA,0,"41",NA,0,0,"",1,""
"2018",10,"10562","10573","H","","",2018-10-19,0,NA,NA,NA,0,"42",NA,0,0,"",1,""
"2018",11,"10562","10544","H","","",2018-10-26,0,NA,NA,NA,0,"43",NA,0,0,"",1,""
"2018",1,"10573","10544","H","","",2018-08-17,0,NA,NA,NA,0,"33",NA,0,0,"",1,""
"2018",2,"10573","10737","A","","",2018-08-24,0,NA,NA,NA,0,"34",NA,0,0,"",1,""
"2018",3,"10573","1034","H","","",2018-08-31,0,NA,NA,NA,0,"35",NA,0,0,"4",0,NA
"2018",4,"10573","10745","H","","",2018-09-07,0,NA,NA,NA,0,"36",NA,0,0,"",1,""
"2018",5,"10573","10558","A","","",2018-09-14,0,NA,NA,NA,0,"37",NA,0,0,"",1,""
"2018",6,"10573","10525","A","","",2018-09-21,0,NA,NA,NA,0,"38",NA,0,0,"",1,""
"2018",7,"10573","10788","H","","",2018-09-28,0,NA,NA,NA,0,"39",NA,0,0,"",1,""
"2018",8,"10573","10623","H","","",2018-10-04,0,NA,NA,NA,0,"40",NA,0,0,"",1,""
"2018",10,"10573","10562","A","","",2018-10-19,0,NA,NA,NA,0,"42",NA,0,0,"",1,""
"2018",11,"10573","10734","A","","",2018-10-26,0,NA,NA,NA,0,"43",NA,0,0,"",1,""
"2018",2,"10588","10528","H","","",2018-08-24,0,NA,NA,NA,0,"34",NA,0,0,"",1,""
"2018",3,"10588","10693","H","","",2018-08-31,0,NA,NA,NA,0,"35",NA,0,0,"",1,""
"2018",4,"10588","10701","H","","",2018-09-07,0,NA,NA,NA,0,"36",NA,0,0,"",1,""
"2018",5,"10588","10650","A","","",2018-09-14,0,NA,NA,NA,0,"37",NA,0,0,"",1,""
"2018",6,"10588","1586","A","","",2018-09-21,0,NA,NA,NA,0,"38",NA,0,0,"23",0,NA
"2018",7,"10588","10711","A","","",2018-09-28,0,NA,NA,NA,0,"39",NA,0,0,"",1,""
"2018",8,"10588","10706","A","","",2018-10-05,0,NA,NA,NA,0,"40",NA,0,0,"",1,""
"2018",9,"10588","10724","H","","",2018-10-12,0,NA,NA,NA,0,"41",NA,0,0,"",1,""
"2018",10,"10588","10140","H","","",2018-10-19,0,NA,NA,NA,0,"42",NA,0,0,"",1,""
"2018",11,"10588","10776","A","","",2018-10-26,0,NA,NA,NA,0,"43",NA,0,0,"",1,""
"2018",1,"10595","10791","A","","",2018-08-17,0,NA,NA,NA,0,"33",NA,0,0,"",1,""
"2018",2,"10595","10701","N","","",2018-08-25,0,NA,NA,NA,0,"34",NA,0,0,"",1,""
"2018",3,"10595","1134","H","","",2018-08-31,0,NA,NA,NA,0,"35",NA,0,0,"20",0,NA
"2018",4,"10595","10782","A","","",2018-09-07,0,NA,NA,NA,0,"36",NA,0,0,"",1,""
"2018",5,"10595","10778","H","","",2018-09-14,0,NA,NA,NA,0,"37",NA,0,0,"",1,""
"2018",6,"10595","10691","H","","",2018-09-21,0,NA,NA,NA,0,"38",NA,0,0,"",1,""
"2018",7,"10595","10740","H","","",2018-09-28,0,NA,NA,NA,0,"39",NA,0,0,"",1,""
"2018",9,"10595","10627","A","","",2018-10-12,0,NA,NA,NA,0,"41",NA,0,0,"",1,""
"2018",10,"10595","10639","A","","",2018-10-19,0,NA,NA,NA,0,"42",NA,0,0,"",1,""
"2018",11,"10595","10711","H","","",2018-10-26,0,NA,NA,NA,0,"43",NA,0,0,"",1,""
"2018",1,"10601","10709","H","","",2018-08-17,0,NA,NA,NA,0,"33",NA,0,0,"",1,""
"2018",2,"10601","13334","A","","",2018-08-24,0,NA,NA,NA,0,"34",NA,0,0,"",1,""
"2018",3,"10601","588","A","","",2018-08-31,0,NA,NA,NA,0,"35",NA,0,0,"20",0,NA
"2018",4,"10601","10659","H","","",2018-09-07,0,NA,NA,NA,0,"36",NA,0,0,"",1,""
"2018",5,"10601","10519","A","","",2018-09-14,0,NA,NA,NA,0,"37",NA,0,0,"",1,""
"2018",6,"10601","10547","H","","",2018-09-21,0,NA,NA,NA,0,"38",NA,0,0,"",1,""
"2018",7,"10601","10701","A","","",2018-09-28,0,NA,NA,NA,0,"39",NA,0,0,"",1,""
"2018",9,"10601","10761","H","","",2018-10-12,0,NA,NA,NA,0,"41",NA,0,0,"",1,""
"2018",10,"10601","10770","A","","",2018-10-19,0,NA,NA,NA,0,"42",NA,0,0,"",1,""
"2018",11,"10601","10605","H","","",2018-10-26,0,NA,NA,NA,0,"43",NA,0,0,"",1,""
"2018",1,"10605","10701","H","","",2018-08-17,0,NA,NA,NA,0,"33",NA,0,0,"",1,""
"2018",2,"10605","10526","A","","",2018-08-25,0,NA,NA,NA,0,"34",NA,0,0,"",1,""
"2018",3,"10605","10620","H","","",2018-08-31,0,NA,NA,NA,0,"35",NA,0,0,"",1,""
"2018",4,"10605","10696","A","","",2018-09-07,0,NA,NA,NA,0,"36",NA,0,0,"",1,""
"2018",5,"10605","10603","H","","",2018-09-14,0,NA,NA,NA,0,"37",NA,0,0,"",1,""
"2018",6,"10605","10655","H","","",2018-09-21,0,NA,NA,NA,0,"38",NA,0,0,"",1,""
"2018",7,"10605","10504","A","","",2018-09-28,0,NA,NA,NA,0,"39",NA,0,0,"",1,""
"2018",8,"10605","106","A","","",2018-10-05,0,NA,NA,NA,0,"40",NA,0,0,"16",0,NA
"2018",10,"10605","10669","H","","",2018-10-19,0,NA,NA,NA,0,"42",NA,0,0,"",1,""
"2018",11,"10605","10601","A","","",2018-10-26,0,NA,NA,NA,0,"43",NA,0,0,"",1,""
"2018",1,"10626","10714","H","","",2018-08-17,0,NA,NA,NA,0,"33",NA,0,0,"",1,""
"2018",2,"10626","368","H","","",2018-08-24,0,NA,NA,NA,0,"34",NA,0,0,"24",0,NA
"2018",3,"10626","10737","A","","",2018-08-31,0,NA,NA,NA,0,"35",NA,0,0,"",1,""
"2018",4,"10626","10770","H","","",2018-09-07,0,NA,NA,NA,0,"36",NA,0,0,"",1,""
"2018",5,"10626","369","A","","",2018-09-14,0,NA,NA,NA,0,"37",NA,0,0,"20",0,NA
"2018",6,"10626","10516","H","","",2018-09-21,0,NA,NA,NA,0,"38",NA,0,0,"",1,""
"2018",7,"10626","10625","H","","",2018-09-28,0,NA,NA,NA,0,"39",NA,0,0,"",1,""
"2018",8,"10626","10692","A","","",2018-10-05,0,NA,NA,NA,0,"40",NA,0,0,"",1,""
"2018",9,"10626","10691","A","","",2018-10-12,0,NA,NA,NA,0,"41",NA,0,0,"",1,""
"2018",10,"10626","10655","H","","",2018-10-19,0,NA,NA,NA,0,"42",NA,0,0,"",1,""
"2018",1,"10645","10534","A","","",2018-08-17,0,NA,NA,NA,0,"33",NA,0,0,"",1,""
"2018",2,"10645","10738","A","","",2018-08-24,0,NA,NA,NA,0,"34",NA,0,0,"",1,""
"2018",3,"10645","10651","H","","",2018-08-31,0,NA,NA,NA,0,"35",NA,0,0,"",1,""
"2018",4,"10645","10792","A","","",2018-09-07,0,NA,NA,NA,0,"36",NA,0,0,"",1,""
"2018",5,"10645","1056","H","","",2018-09-14,0,NA,NA,NA,0,"37",NA,0,0,"4",0,NA
"2018",6,"10645","10619","H","","",2018-09-21,0,NA,NA,NA,0,"38",NA,0,0,"",1,""
"2018",7,"10645","10708","A","","",2018-09-28,0,NA,NA,NA,0,"39",NA,0,0,"",1,""
"2018",8,"10645","10603","A","","",2018-10-05,0,NA,NA,NA,0,"40",NA,0,0,"",1,""
"2018",9,"10645","10662","H","","",2018-10-12,0,NA,NA,NA,0,"41",NA,0,0,"",1,""
"2018",10,"10645","10757","H","","",2018-10-19,0,NA,NA,NA,0,"42",NA,0,0,"",1,""
"2018",2,"10691","588","H","","",2018-08-24,0,NA,NA,NA,0,"34",NA,0,0,"20",0,NA
"2018",3,"10691","10701","H","","",2018-08-31,0,NA,NA,NA,0,"35",NA,0,0,"",1,""
"2018",4,"10691","10524","H","","",2018-09-07,0,NA,NA,NA,0,"36",NA,0,0,"",1,""
"2018",5,"10691","10659","H","","",2018-09-14,0,NA,NA,NA,0,"37",NA,0,0,"",1,""
"2018",6,"10691","10595","A","","",2018-09-21,0,NA,NA,NA,0,"38",NA,0,0,"",1,""
"2018",7,"10691","10519","A","","",2018-09-28,0,NA,NA,NA,0,"39",NA,0,0,"",1,""
"2018",8,"10691","10655","A","","",2018-10-05,0,NA,NA,NA,0,"40",NA,0,0,"",1,""
"2018",9,"10691","10626","H","","",2018-10-12,0,NA,NA,NA,0,"41",NA,0,0,"",1,""
"2018",10,"10691","10692","H","","",2018-10-19,0,NA,NA,NA,0,"42",NA,0,0,"",1,""
"2018",11,"10691","10625","A","","",2018-10-26,0,NA,NA,NA,0,"43",NA,0,0,"",1,""
"2018",1,"10724","10646","A","","",2018-08-17,0,NA,NA,NA,0,"33",NA,0,0,"",1,""
"2018",2,"10724","10506","A","","",2018-08-24,0,NA,NA,NA,0,"34",NA,0,0,"",1,""
"2018",3,"10724","10776","H","","",2018-08-31,0,NA,NA,NA,0,"35",NA,0,0,"",1,""
"2018",4,"10724","10609","A","","",2018-09-07,0,NA,NA,NA,0,"36",NA,0,0,"",1,""
"2018",5,"10724","1586","H","","",2018-09-15,0,NA,NA,NA,0,"37",NA,0,0,"23",0,NA
"2018",6,"10724","1270","A","","",2018-09-21,0,NA,NA,NA,0,"38",NA,0,0,"20",0,NA
"2018",7,"10724","10746","A","","",2018-09-28,0,NA,NA,NA,0,"39",NA,0,0,"",1,""
"2018",9,"10724","10588","A","","",2018-10-12,0,NA,NA,NA,0,"41",NA,0,0,"",1,""
"2018",10,"10724","10706","H","","",2018-10-19,0,NA,NA,NA,0,"42",NA,0,0,"",1,""
"2018",11,"10724","10731","H","","",2018-10-26,0,NA,NA,NA,0,"43",NA,0,0,"",1,""
"2018",2,"10731","10609","A","","",2018-08-25,0,NA,NA,NA,0,"34",NA,0,0,"",1,""
"2018",3,"10731","760","H","","",2018-08-31,0,NA,NA,NA,0,"35",NA,0,0,"19",0,NA
"2018",4,"10731","10506","A","","",2018-09-07,0,NA,NA,NA,0,"36",NA,0,0,"",1,""
"2018",5,"10731","10528","H","","",2018-09-14,0,NA,NA,NA,0,"37",NA,0,0,"",1,""
"2018",6,"10731","10776","H","","",2018-09-21,0,NA,NA,NA,0,"38",NA,0,0,"",1,""
"2018",7,"10731","10591","A","","",2018-09-28,0,NA,NA,NA,0,"39",NA,0,0,"",1,""
"2018",8,"10731","10709","H","","",2018-10-05,0,NA,NA,NA,0,"40",NA,0,0,"",1,""
"2018",9,"10731","10650","H","","",2018-10-12,0,NA,NA,NA,0,"41",NA,0,0,"",1,""
"2018",10,"10731","10515","A","","",2018-10-19,0,NA,NA,NA,0,"42",NA,0,0,"",1,""
"2018",11,"10731","10724","A","","",2018-10-26,0,NA,NA,NA,0,"43",NA,0,0,"",1,""
"2018",1,"10737","10692","A","","",2018-08-17,0,NA,NA,NA,0,"33",NA,0,0,"",1,""
"2018",2,"10737","10573","H","","",2018-08-24,0,NA,NA,NA,0,"34",NA,0,0,"",1,""
"2018",3,"10737","10626","H","","",2018-08-31,0,NA,NA,NA,0,"35",NA,0,0,"",1,""
"2018",4,"10737","10558","A","","",2018-09-07,0,NA,NA,NA,0,"36",NA,0,0,"",1,""
"2018",6,"10737","10669","H","","",2018-09-21,0,NA,NA,NA,0,"38",NA,0,0,"",1,""
"2018",7,"10737","10613","A","","",2018-09-28,0,NA,NA,NA,0,"39",NA,0,0,"",1,""
"2018",8,"10737","1518","A","","",2018-10-05,0,NA,NA,NA,0,"40",NA,0,0,"16",0,NA
"2018",9,"10737","10526","A","","",2018-10-12,0,NA,NA,NA,0,"41",NA,0,0,"",1,""
"2018",10,"10737","10625","H","","",2018-10-19,0,NA,NA,NA,0,"42",NA,0,0,"",1,""
"2018",11,"10737","10655","A","","",2018-10-26,0,NA,NA,NA,0,"43",NA,0,0,"",1,""
"2018",1,"10738","10694","H","","",2018-08-17,0,NA,NA,NA,0,"33",NA,0,0,"",1,""
"2018",2,"10738","10645","H","","",2018-08-24,0,NA,NA,NA,0,"34",NA,0,0,"",1,""
"2018",3,"10738","10623","A","","",2018-08-31,0,NA,NA,NA,0,"35",NA,0,0,"",1,""
"2018",4,"10738","1056","A","","",2018-09-07,0,NA,NA,NA,0,"36",NA,0,0,"4",0,NA
"2018",5,"10738","842","H","","",2018-09-14,0,NA,NA,NA,0,"37",NA,0,0,"8",0,NA
"2018",6,"10738","10534","A","","",2018-09-21,0,NA,NA,NA,0,"38",NA,0,0,"",1,""
"2018",7,"10738","10619","H","","",2018-09-28,0,NA,NA,NA,0,"39",NA,0,0,"",1,""
"2018",8,"10738","10792","A","","",2018-10-05,0,NA,NA,NA,0,"40",NA,0,0,"",1,""
"2018",9,"10738","10708","H","","",2018-10-12,0,NA,NA,NA,0,"41",NA,0,0,"",1,""
"2018",10,"10738","10716","H","","",2018-10-19,0,NA,NA,NA,0,"42",NA,0,0,"",1,""
"2018",1,"10756","10571","A","","",2018-08-17,0,NA,NA,NA,0,"33",NA,0,0,"",1,""
"2018",3,"10756","10527","H","","",2018-08-31,0,NA,NA,NA,0,"35",NA,0,0,"",1,""
"2018",4,"10756","10587","H","","",2018-09-07,0,NA,NA,NA,0,"36",NA,0,0,"",1,""
"2018",5,"10756","10551","H","","",2018-09-14,0,NA,NA,NA,0,"37",NA,0,0,"",1,""
"2018",6,"10756","10716","H","","",2018-09-21,0,NA,NA,NA,0,"38",NA,0,0,"",1,""
"2018",7,"10756","10762","N","","",2018-09-28,0,NA,NA,NA,0,"39",NA,0,0,"",1,""
"2018",8,"10756","10575","H","","",2018-10-05,0,NA,NA,NA,0,"40",NA,0,0,"",1,""
"2018",9,"10756","10666","A","","",2018-10-12,0,NA,NA,NA,0,"41",NA,0,0,"",1,""
"2018",10,"10756","10539","A","","",2018-10-19,0,NA,NA,NA,0,"42",NA,0,0,"",1,""
"2018",11,"10756","1388","A","","",2018-10-26,0,NA,NA,NA,0,"43",NA,0,0,"4",0,NA
"2018",1,"10762","13035","A","","",2018-08-17,0,NA,NA,NA,0,"33",NA,0,0,"",1,""
"2018",2,"10762","13360","H","","",2018-08-24,0,NA,NA,NA,0,"34",NA,0,0,"",1,""
"2018",3,"10762","1056","A","","",2018-08-31,0,NA,NA,NA,0,"35",NA,0,0,"4",0,NA
"2018",4,"10762","10666","H","","",2018-09-07,0,NA,NA,NA,0,"36",NA,0,0,"",1,""
"2018",5,"10762","21506","H","","",2018-09-14,0,NA,NA,NA,0,"37",NA,0,0,"",1,""
"2018",6,"10762","10634","H","","",2018-09-21,0,NA,NA,NA,0,"38",NA,0,0,"",1,""
"2018",7,"10762","10756","N","","",2018-09-28,0,NA,NA,NA,0,"39",NA,0,0,"",1,""
"2018",8,"10762","10578","A","","",2018-10-04,0,NA,NA,NA,0,"40",NA,0,0,"",1,""
"2018",9,"10762","10739","A","","",2018-10-12,0,NA,NA,NA,0,"41",NA,0,0,"",1,""
"2018",10,"10762","10510","H","","",2018-10-19,0,NA,NA,NA,0,"42",NA,0,0,"",1,""
"2018",2,"11016","1398","A","","",2018-08-23,0,NA,NA,NA,0,"34",NA,0,0,"10",0,NA
"2018",3,"11016","11193","A","","",2018-08-31,0,NA,NA,NA,0,"35",NA,0,0,"",1,""
"2018",4,"11016","11441","H","","",2018-09-07,0,NA,NA,NA,0,"36",NA,0,0,"",1,""
"2018",5,"11016","11137","A","","",2018-09-14,0,NA,NA,NA,0,"37",NA,0,0,"",1,""
"2018",6,"11016","11207","A","","",2018-09-21,0,NA,NA,NA,0,"38",NA,0,0,"",1,""
"2018",7,"11016","11790","H","","",2018-09-28,0,NA,NA,NA,0,"39",NA,0,0,"",1,""
"2018",8,"11016","11155","H","","",2018-10-05,0,NA,NA,NA,0,"40",NA,0,0,"",1,""
"2018",9,"11016","11069","H","","",2018-10-12,0,NA,NA,NA,0,"41",NA,0,0,"",1,""
"2018",10,"11016","31999","H","","",2018-10-20,0,NA,NA,NA,0,"42",NA,0,0,"",1,""
"2018",2,"11171","11593","N","","",2018-08-25,0,NA,NA,NA,0,"34",NA,0,0,"",1,""
"2018",3,"11171","1346","A","","",2018-08-31,0,NA,NA,NA,0,"35",NA,0,0,"1",0,NA
"2018",4,"11171","11188","A","","",2018-09-07,0,NA,NA,NA,0,"36",NA,0,0,"",1,""
"2018",5,"11171","11785","A","","",2018-09-14,0,NA,NA,NA,0,"37",NA,0,0,"",1,""
"2018",6,"11171","11782","A","","",2018-09-21,0,NA,NA,NA,0,"38",NA,0,0,"",1,""
"2018",7,"11171","11176","A","","",2018-09-28,0,NA,NA,NA,0,"39",NA,0,0,"",1,""
"2018",8,"11171","11195","H","","",2018-10-05,0,NA,NA,NA,0,"40",NA,0,0,"",1,""
"2018",9,"11171","31999","H","","",2018-10-11,0,NA,NA,NA,0,"41",NA,0,0,"",1,""
"2018",10,"11171","31999","H","","",2018-10-18,0,NA,NA,NA,0,"42",NA,0,0,"",1,""
"2018",2,"11482","1512","A","","",2018-08-24,0,NA,NA,NA,0,"34",NA,0,0,"6",0,NA
"2018",3,"11482","11634","A","","",2018-08-30,0,NA,NA,NA,0,"35",NA,0,0,"",1,""
"2018",4,"11482","11111","H","","",2018-09-07,0,NA,NA,NA,0,"36",NA,0,0,"",1,""
"2018",5,"11482","11233","A","","",2018-09-14,0,NA,NA,NA,0,"37",NA,0,0,"",1,""
"2018",6,"11482","11060","H","","",2018-09-21,0,NA,NA,NA,0,"38",NA,0,0,"",1,""
"2018",7,"11482","11077","H","","",2018-09-28,0,NA,NA,NA,0,"39",NA,0,0,"",1,""
"2018",8,"11482","11265","A","","",2018-10-05,0,NA,NA,NA,0,"40",NA,0,0,"",1,""
"2018",9,"11482","11013","H","","",2018-10-12,0,NA,NA,NA,0,"41",NA,0,0,"",1,""
"2018",10,"11482","11787","H","","",2018-10-19,0,NA,NA,NA,0,"42",NA,0,0,"",1,""
"2018",2,"11542","11064","H","","",2018-08-24,0,NA,NA,NA,0,"34",NA,0,0,"",1,""
"2018",3,"11542","1502","H","","",2018-08-31,0,NA,NA,NA,0,"35",NA,0,0,"26",0,NA
"2018",4,"11542","11555","A","","",2018-09-07,0,NA,NA,NA,0,"36",NA,0,0,"",1,""
"2018",5,"11542","11728","H","","",2018-09-14,0,NA,NA,NA,0,"37",NA,0,0,"",1,""
"2018",6,"11542","11003","A","","",2018-09-21,0,NA,NA,NA,0,"38",NA,0,0,"",1,""
"2018",7,"11542","11490","H","","",2018-09-28,0,NA,NA,NA,0,"39",NA,0,0,"",1,""
"2018",8,"11542","11622","A","","",2018-10-05,0,NA,NA,NA,0,"40",NA,0,0,"",1,""
"2018",9,"11542","11134","H","","",2018-10-12,0,NA,NA,NA,0,"41",NA,0,0,"",1,""
"2018",10,"11542","11777","A","","",2018-10-19,0,NA,NA,NA,0,"42",NA,0,0,"",1,""
"2018",2,"11582","11699","H","","",2018-08-23,0,NA,NA,NA,0,"34",NA,0,0,"",1,""
"2018",3,"11582","1704","A","","",2018-08-31,0,NA,NA,NA,0,"35",NA,0,0,"2",0,NA
"2018",4,"11582","342","H","","",2018-09-07,0,NA,NA,NA,0,"36",NA,0,0,"6",0,NA
"2018",5,"11582","11207","H","","",2018-09-14,0,NA,NA,NA,0,"37",NA,0,0,"",1,""
"2018",6,"11582","11065","A","","",2018-09-22,0,NA,NA,NA,0,"38",NA,0,0,"",1,""
"2018",7,"11582","9918","H","","",2018-09-28,0,NA,NA,NA,0,"39",NA,0,0,"",1,""
"2018",8,"11582","11537","A","","",2018-10-05,0,NA,NA,NA,0,"40",NA,0,0,"",1,""
"2018",9,"11582","11701","H","","",2018-10-14,0,NA,NA,NA,0,"41",NA,0,0,"",1,""
"2018",10,"11582","31999","H","","",2018-10-20,0,NA,NA,NA,0,"42",NA,0,0,"",1,""
"2018",2,"11676","11662","A","","",2018-08-23,0,NA,NA,NA,0,"34",NA,0,0,"",1,""
"2018",3,"11676","1350","H","","",2018-08-31,0,NA,NA,NA,0,"35",NA,0,0,"6",0,NA
"2018",4,"11676","11560","A","","",2018-09-07,0,NA,NA,NA,0,"36",NA,0,0,"",1,""
"2018",5,"11676","11621","A","","",2018-09-14,0,NA,NA,NA,0,"37",NA,0,0,"",1,""
"2018",6,"11676","11019","H","","",2018-09-21,0,NA,NA,NA,0,"38",NA,0,0,"",1,""
"2018",7,"11676","11485","H","","",2018-09-28,0,NA,NA,NA,0,"39",NA,0,0,"",1,""
"2018",8,"11676","11761","A","","",2018-10-05,0,NA,NA,NA,0,"40",NA,0,0,"",1,""
"2018",9,"11676","11018","H","","",2018-10-12,0,NA,NA,NA,0,"41",NA,0,0,"",1,""
"2018",10,"11676","11138","H","","",2018-10-19,0,NA,NA,NA,0,"42",NA,0,0,"",1,""
"2018",2,"11779","1140","A","","",2018-08-24,0,NA,NA,NA,0,"34",NA,0,0,"7",0,NA
"2018",3,"11779","11293","A","","",2018-08-30,0,NA,NA,NA,0,"35",NA,0,0,"",1,""
"2018",4,"11779","11346","H","","",2018-09-07,0,NA,NA,NA,0,"36",NA,0,0,"",1,""
"2018",5,"11779","11435","H","","",2018-09-14,0,NA,NA,NA,0,"37",NA,0,0,"",1,""
"2018",6,"11779","11098","A","","",2018-09-21,0,NA,NA,NA,0,"38",NA,0,0,"",1,""
"2018",7,"11779","11365","A","","",2018-09-28,0,NA,NA,NA,0,"39",NA,0,0,"",1,""
"2018",8,"11779","11349","A","","",2018-10-05,0,NA,NA,NA,0,"40",NA,0,0,"",1,""
"2018",9,"11779","11778","H","","",2018-10-12,0,NA,NA,NA,0,"41",NA,0,0,"",1,""
"2018",10,"11779","11317","H","","",2018-10-19,0,NA,NA,NA,0,"42",NA,0,0,"",1,""
"2018",2,"11788","11606","A","","",2018-08-23,0,NA,NA,NA,0,"34",NA,0,0,"",1,""
"2018",3,"11788","1410","H","","",2018-09-01,0,NA,NA,NA,0,"35",NA,0,0,"10",0,NA
"2018",4,"11788","11225","A","","",2018-09-07,0,NA,NA,NA,0,"36",NA,0,0,"",1,""
"2018",5,"11788","31999","H","","",2018-09-14,0,NA,NA,NA,0,"37",NA,0,0,"",1,""
"2018",6,"11788","11759","H","","",2018-09-21,0,NA,NA,NA,0,"38",NA,0,0,"",1,""
"2018",7,"11788","11783","H","","",2018-09-28,0,NA,NA,NA,0,"39",NA,0,0,"",1,""
"2018",8,"11788","11593","A","","",2018-10-05,0,NA,NA,NA,0,"40",NA,0,0,"",1,""
"2018",9,"11788","11193","A","","",2018-10-12,0,NA,NA,NA,0,"41",NA,0,0,"",1,""
"2018",10,"11788","31999","H","","",2018-10-19,0,NA,NA,NA,0,"42",NA,0,0,"",1,""
"2018",2,"11791","11493","A","","",2018-08-24,0,NA,NA,NA,0,"34",NA,0,0,"",1,""
"2018",3,"11791","11792","A","","",2018-08-30,0,NA,NA,NA,0,"35",NA,0,0,"",1,""
"2018",4,"11791","11784","A","","",2018-09-06,0,NA,NA,NA,0,"36",NA,0,0,"",1,""
"2018",5,"11791","11023","A","","",2018-09-14,0,NA,NA,NA,0,"37",NA,0,0,"",1,""
"2018",6,"11791","1608","A","","",2018-09-21,0,NA,NA,NA,0,"38",NA,0,0,"6",0,NA
"2018",7,"11791","11128","A","","",2018-09-28,0,NA,NA,NA,0,"39",NA,0,0,"",1,""
"2018",8,"11791","11790","H","","",2018-10-05,0,NA,NA,NA,0,"40",NA,0,0,"",1,""
"2018",9,"11791","11314","A","","",2018-10-13,0,NA,NA,NA,0,"41",NA,0,0,"",1,""
"2018",10,"11791","11783","A","","",2018-10-19,0,NA,NA,NA,0,"42",NA,0,0,"",1,""
"2018",2,"1201","252","H","","",2018-08-24,0,NA,NA,NA,0,"34",NA,0,0,"8",0,NA
"2018",3,"1201","302","A","","",2018-08-31,0,NA,NA,NA,0,"35",NA,0,0,"7",0,NA
"2018",4,"1201","1360","H","","",2018-09-07,0,NA,NA,NA,0,"36",NA,0,0,"6",0,NA
"2018",5,"1201","704","A","","",2018-09-14,0,NA,NA,NA,0,"37",NA,0,0,"2",0,NA
"2018",6,"1201","1741","A","","",2018-09-21,0,NA,NA,NA,0,"38",NA,0,0,"7",0,NA
"2018",7,"1201","717","H","","",2018-09-28,0,NA,NA,NA,0,"39",NA,0,0,"3",0,NA
"2018",8,"1201","713","A","","",2018-10-05,0,NA,NA,NA,0,"40",NA,0,0,"3",0,NA
"2018",9,"1201","475","H","","",2018-10-12,0,NA,NA,NA,0,"41",NA,0,0,"8",0,NA
"2018",10,"1201","486","H","","",2018-10-19,0,NA,NA,NA,0,"42",NA,0,0,"2",0,NA
"2018",11,"1201","1738","A","","",2018-10-26,0,NA,NA,NA,0,"43",NA,0,0,"2",0,NA
"2018",2,"12043","12034","A","","",2018-08-24,0,NA,NA,NA,0,"34",NA,0,0,"",1,""
"2018",3,"12043","12051","H","","",2018-08-31,0,NA,NA,NA,0,"35",NA,0,0,"",1,""
"2018",4,"12043","12827","H","","",2018-09-07,0,NA,NA,NA,0,"36",NA,0,0,"",1,""
"2018",5,"12043","12023","H","","",2018-09-14,0,NA,NA,NA,0,"37",NA,0,0,"",1,""
"2018",6,"12043","12056","H","","",2018-09-21,0,NA,NA,NA,0,"38",NA,0,0,"",1,""
"2018",7,"12043","12054","H","","",2018-09-28,0,NA,NA,NA,0,"39",NA,0,0,"",1,""
"2018",8,"12043","12048","A","","",2018-10-05,0,NA,NA,NA,0,"40",NA,0,0,"",1,""
"2018",9,"12043","1624","A","","",2018-10-12,0,NA,NA,NA,0,"41",NA,0,0,"7",0,NA
"2018",10,"12043","12651","H","","",2018-10-19,0,NA,NA,NA,0,"42",NA,0,0,"",1,""
"2018",11,"12043","12038","A","","",2018-10-26,0,NA,NA,NA,0,"43",NA,0,0,"",1,""
"2018",15,"12043","12037","A","*","",2018-11-22,0,NA,NA,NA,0,"47",NA,1,0,"",1,""
"2018",2,"12347","12652","H","","",2018-08-24,0,NA,NA,NA,0,"34",NA,0,0,"",1,""
"2018",3,"12347","488","A","","",2018-08-31,0,NA,NA,NA,0,"35",NA,0,0,"25",0,NA
"2018",4,"12347","12326","A","","",2018-09-07,0,NA,NA,NA,0,"36",NA,0,0,"",1,""
"2018",5,"12347","12319","H","","",2018-09-14,0,NA,NA,NA,0,"37",NA,0,0,"",1,""
"2018",6,"12347","12322","H","","",2018-09-21,0,NA,NA,NA,0,"38",NA,0,0,"",1,""
"2018",7,"12347","12318","H","","",2018-09-28,0,NA,NA,NA,0,"39",NA,0,0,"",1,""
"2018",8,"12347","12320","H","","",2018-10-05,0,NA,NA,NA,0,"40",NA,0,0,"",1,""
"2018",9,"12347","12331","A","","",2018-10-12,0,NA,NA,NA,0,"41",NA,0,0,"",1,""
"2018",10,"12347","12317","H","","",2018-10-19,0,NA,NA,NA,0,"42",NA,0,0,"",1,""
"2018",11,"12347","12502","A","","",2018-10-26,0,NA,NA,NA,0,"43",NA,0,0,"",1,""
"2018",2,"12363","1488","A","","",2018-08-24,0,NA,NA,NA,0,"34",NA,0,0,"13",0,NA
"2018",3,"12363","12377","H","","",2018-08-31,0,NA,NA,NA,0,"35",NA,0,0,"",1,""
"2018",4,"12363","12378","A","","",2018-09-07,0,NA,NA,NA,0,"36",NA,0,0,"",1,""
"2018",5,"12363","12416","A","","",2018-09-14,0,NA,NA,NA,0,"37",NA,0,0,"",1,""
"2018",6,"12363","12376","H","","",2018-09-21,0,NA,NA,NA,0,"38",NA,0,0,"",1,""
"2018",7,"12363","12653","H","","",2018-09-28,0,NA,NA,NA,0,"39",NA,0,0,"",1,""
"2018",8,"12363","12395","A","","",2018-10-05,0,NA,NA,NA,0,"40",NA,0,0,"",1,""
"2018",9,"12363","12364","H","","",2018-10-12,0,NA,NA,NA,0,"41",NA,0,0,"",1,""
"2018",10,"12363","12365","A","","",2018-10-19,0,NA,NA,NA,0,"42",NA,0,0,"",1,""
"2018",11,"12363","12368","A","","",2018-10-26,0,NA,NA,NA,0,"43",NA,0,0,"",1,""
"2018",2,"12451","1556","H","","",2018-08-24,0,NA,NA,NA,0,"34",NA,0,0,"25",0,NA
"2018",3,"12451","12458","H","","",2018-08-31,0,NA,NA,NA,0,"35",NA,0,0,"",1,""
"2018",4,"12451","12476","A","","",2018-09-07,0,NA,NA,NA,0,"36",NA,0,0,"",1,""
"2018",5,"12451","12474","H","","",2018-09-14,0,NA,NA,NA,0,"37",NA,0,0,"",1,""
"2018",6,"12451","12859","H","","",2018-09-21,0,NA,NA,NA,0,"38",NA,0,0,"",1,""
"2018",7,"12451","12462","A","","",2018-09-28,0,NA,NA,NA,0,"39",NA,0,0,"",1,""
"2018",8,"12451","12484","H","","",2018-10-05,0,NA,NA,NA,0,"40",NA,0,0,"",1,""
"2018",9,"12451","12447","A","","",2018-10-12,0,NA,NA,NA,0,"41",NA,0,0,"",1,""
"2018",10,"12451","12486","H","","",2018-10-19,0,NA,NA,NA,0,"42",NA,0,0,"",1,""
"2018",11,"12451","12415","A","","",2018-10-26,0,NA,NA,NA,0,"43",NA,0,0,"",1,""
"2018",2,"12492","12440","A","","",2018-08-24,0,NA,NA,NA,0,"34",NA,0,0,"",1,""
"2018",3,"12492","12645","A","","",2018-08-31,0,NA,NA,NA,0,"35",NA,0,0,"",1,""
"2018",4,"12492","12491","H","","",2018-09-06,0,NA,NA,NA,0,"36",NA,0,0,"",1,""
"2018",5,"12492","10200","H","","",2018-09-14,0,NA,NA,NA,0,"37",NA,0,0,"",1,""
"2018",6,"12492","12497","A","","",2018-09-20,0,NA,NA,NA,0,"38",NA,0,0,"",1,""
"2018",7,"12492","12494","H","","",2018-09-27,0,NA,NA,NA,0,"39",NA,0,0,"",1,""
"2018",8,"12492","12489","H","","",2018-10-05,0,NA,NA,NA,0,"40",NA,0,0,"",1,""
"2018",9,"12492","250","A","","",2018-10-12,0,NA,NA,NA,0,"41",NA,0,0,"23",0,NA
"2018",10,"12492","31999","H","","",2018-10-19,0,NA,NA,NA,0,"42",NA,0,0,"",1,""
"2018",11,"12492","31999","H","","",2018-10-26,0,NA,NA,NA,0,"43",NA,0,0,"",1,""
"2018",3,"12494","12491","A","","",2018-08-30,0,NA,NA,NA,0,"35",NA,0,0,"",1,""
"2018",5,"12494","12645","H","","",2018-09-14,0,NA,NA,NA,0,"37",NA,0,0,"",1,""
"2018",6,"12494","12489","A","","",2018-09-21,0,NA,NA,NA,0,"38",NA,0,0,"",1,""
"2018",7,"12494","12492","A","","",2018-09-27,0,NA,NA,NA,0,"39",NA,0,0,"",1,""
"2018",8,"12494","736","A","","",2018-10-05,0,NA,NA,NA,0,"40",NA,0,0,"9",0,NA
"2018",9,"12494","12497","H","","",2018-10-12,0,NA,NA,NA,0,"41",NA,0,0,"",1,""
"2018",10,"12494","31999","H","","",2018-10-19,0,NA,NA,NA,0,"42",NA,0,0,"",1,""
"2018",11,"12494","31999","H","","",2018-10-26,0,NA,NA,NA,0,"43",NA,0,0,"",1,""
"2018",2,"12530","12360","A","","",2018-08-24,0,NA,NA,NA,0,"34",NA,0,0,"",1,""
"2018",3,"12530","15008","H","","",2018-08-31,0,NA,NA,NA,0,"35",NA,0,0,"",1,""
"2018",4,"12530","15009","H","","",2018-09-07,0,NA,NA,NA,0,"36",NA,0,0,"",1,""
"2018",5,"12530","238","A","","",2018-09-14,0,NA,NA,NA,0,"37",NA,0,0,"5",0,NA
"2018",6,"12530","12650","A","","",2018-09-21,0,NA,NA,NA,0,"38",NA,0,0,"",1,""
"2018",7,"12530","12312","A","","",2018-09-28,0,NA,NA,NA,0,"39",NA,0,0,"",1,""
"2018",8,"12530","12532","H","","",2018-10-05,0,NA,NA,NA,0,"40",NA,0,0,"",1,""
"2018",9,"12530","148","H","","",2018-10-12,0,NA,NA,NA,0,"41",NA,0,0,"1",0,NA
"2018",10,"12530","140","H","","",2018-10-19,0,NA,NA,NA,0,"42",1,0,0,"5",0,NA
"2018",10,"12530","25238","H","","",2018-10-19,0,NA,NA,NA,0,"42",NA,0,0,"",1,""
"2018",2,"12532","12370","N","","",2018-08-24,0,NA,NA,NA,0,"34",NA,0,0,"",1,""
"2018",3,"12532","25237","H","","",2018-08-31,0,NA,NA,NA,0,"35",NA,0,0,"",1,""
"2018",4,"12532","1346","A","","",2018-09-07,0,NA,NA,NA,0,"36",NA,0,0,"1",0,NA
"2018",5,"12532","196","A","","",2018-09-14,0,NA,NA,NA,0,"37",NA,0,0,"5",0,NA
"2018",6,"12532","15007","H","","",2018-09-21,0,NA,NA,NA,0,"38",NA,0,0,"",1,""
"2018",7,"12532","15008","A","","",2018-09-29,0,NA,NA,NA,0,"39",NA,0,0,"",1,""
"2018",8,"12532","12530","A","","",2018-10-05,0,NA,NA,NA,0,"40",NA,0,0,"",1,""
"2018",9,"12532","25238","H","","",2018-10-12,0,NA,NA,NA,0,"41",NA,0,0,"",1,""
"2018",10,"12532","12650","A","","",2018-10-18,0,NA,NA,NA,0,"42",NA,0,0,"",1,""
"2018",11,"12532","25228","H","","",2018-10-26,0,NA,NA,NA,0,"43",NA,0,0,"",1,""
"2018",2,"12549","12554","H","","",2018-08-24,0,NA,NA,NA,0,"34",NA,0,0,"",1,""
"2018",3,"12549","12560","H","","",2018-08-31,0,NA,NA,NA,0,"35",NA,0,0,"",1,""
"2018",4,"12549","12559","A","","",2018-09-07,0,NA,NA,NA,0,"36",NA,0,0,"",1,""
"2018",5,"12549","12552","H","","",2018-09-14,0,NA,NA,NA,0,"37",NA,0,0,"",1,""
"2018",6,"12549","12558","H","","",2018-09-21,0,NA,NA,NA,0,"38",NA,0,0,"",1,""
"2018",7,"12549","12568","A","","",2018-09-28,0,NA,NA,NA,0,"39",NA,0,0,"",1,""
"2018",8,"12549","12565","A","","",2018-10-05,0,NA,NA,NA,0,"40",NA,0,0,"",1,""
"2018",9,"12549","416","H","","",2018-10-12,0,NA,NA,NA,0,"41",NA,0,0,"13",0,NA
"2018",10,"12549","12556","A","","",2018-10-19,0,NA,NA,NA,0,"42",NA,0,0,"",1,""
"2018",11,"12549","12551","H","","",2018-10-26,0,NA,NA,NA,0,"43",NA,0,0,"",1,""
"2018",2,"12552","12541","H","","",2018-08-24,0,NA,NA,NA,0,"34",NA,0,0,"",1,""
"2018",3,"12552","12537","H","","",2018-08-31,0,NA,NA,NA,0,"35",NA,0,0,"",1,""
"2018",4,"12552","12570","A","","",2018-09-07,0,NA,NA,NA,0,"36",NA,0,0,"",1,""
"2018",5,"12552","12549","A","","",2018-09-14,0,NA,NA,NA,0,"37",NA,0,0,"",1,""
"2018",6,"12552","12565","H","","",2018-09-21,0,NA,NA,NA,0,"38",NA,0,0,"",1,""
"2018",7,"12552","416","H","","",2018-09-28,0,NA,NA,NA,0,"39",NA,0,0,"13",0,NA
"2018",8,"12552","12554","A","","",2018-10-05,0,NA,NA,NA,0,"40",NA,0,0,"",1,""
"2018",9,"12552","12568","H","","",2018-10-12,0,NA,NA,NA,0,"41",NA,0,0,"",1,""
"2018",10,"12552","12536","H","","",2018-10-19,0,NA,NA,NA,0,"42",NA,0,0,"",1,""
"2018",11,"12552","12558","A","","",2018-10-26,0,NA,NA,NA,0,"43",NA,0,0,"",1,""
"2018",2,"12559","12548","A","","",2018-08-24,0,NA,NA,NA,0,"34",NA,0,0,"",1,""
"2018",3,"12559","12481","A","","",2018-08-31,0,NA,NA,NA,0,"35",NA,0,0,"",1,""
"2018",4,"12559","12549","H","","",2018-09-07,0,NA,NA,NA,0,"36",NA,0,0,"",1,""
"2018",5,"12559","12565","H","","",2018-09-14,0,NA,NA,NA,0,"37",NA,0,0,"",1,""
"2018",6,"12559","416","A","","",2018-09-21,0,NA,NA,NA,0,"38",NA,0,0,"13",0,NA
"2018",7,"12559","12554","A","","",2018-09-28,0,NA,NA,NA,0,"39",NA,0,0,"",1,""
"2018",8,"12559","12568","H","","",2018-10-05,0,NA,NA,NA,0,"40",NA,0,0,"",1,""
"2018",9,"12559","12570","A","","",2018-10-12,0,NA,NA,NA,0,"41",NA,0,0,"",1,""
"2018",10,"12559","12543","H","","",2018-10-19,0,NA,NA,NA,0,"42",NA,0,0,"",1,""
"2018",2,"12564","12551","A","","",2018-08-24,0,NA,NA,NA,0,"34",NA,0,0,"",1,""
"2018",3,"12564","12563","H","","",2018-08-31,0,NA,NA,NA,0,"35",NA,0,0,"",1,""
"2018",4,"12564","1668","H","","",2018-09-07,0,NA,NA,NA,0,"36",NA,0,0,"21",0,NA
"2018",5,"12564","12555","H","","",2018-09-14,0,NA,NA,NA,0,"37",NA,0,0,"",1,""
"2018",6,"12564","12481","A","","",2018-09-21,0,NA,NA,NA,0,"38",NA,0,0,"",1,""
"2018",7,"12564","12558","A","","",2018-09-28,0,NA,NA,NA,0,"39",NA,0,0,"",1,""
"2018",8,"12564","12574","H","","",2018-10-05,0,NA,NA,NA,0,"40",NA,0,0,"",1,""
"2018",9,"12564","12575","H","","",2018-10-12,0,NA,NA,NA,0,"41",NA,0,0,"",1,""
"2018",10,"12564","12561","A","","",2018-10-19,0,NA,NA,NA,0,"42",NA,0,0,"",1,""
"2018",11,"12564","12537","A","","",2018-10-26,0,NA,NA,NA,0,"43",NA,0,0,"",1,""
"2018",2,"12565","12555","H","","",2018-08-24,0,NA,NA,NA,0,"34",NA,0,0,"",1,""
"2018",3,"12565","12574","A","","",2018-08-31,0,NA,NA,NA,0,"35",NA,0,0,"",1,""
"2018",4,"12565","416","H","","",2018-09-07,0,NA,NA,NA,0,"36",NA,0,0,"13",0,NA
"2018",5,"12565","12559","A","","",2018-09-14,0,NA,NA,NA,0,"37",NA,0,0,"",1,""
"2018",6,"12565","12552","A","","",2018-09-21,0,NA,NA,NA,0,"38",NA,0,0,"",1,""
"2018",7,"12565","12570","H","","",2018-09-28,0,NA,NA,NA,0,"39",NA,0,0,"",1,""
"2018",8,"12565","12549","H","","",2018-10-05,0,NA,NA,NA,0,"40",NA,0,0,"",1,""
"2018",9,"12565","12554","A","","",2018-10-12,0,NA,NA,NA,0,"41",NA,0,0,"",1,""
"2018",10,"12565","12560","H","","",2018-10-19,0,NA,NA,NA,0,"42",NA,0,0,"",1,""
"2018",11,"12565","12556","A","","",2018-10-26,0,NA,NA,NA,0,"43",NA,0,0,"",1,""
"2018",2,"12568","12537","A","","",2018-08-24,0,NA,NA,NA,0,"34",NA,0,0,"",1,""
"2018",3,"12568","12570","H","","",2018-08-31,0,NA,NA,NA,0,"35",NA,0,0,"",1,""
"2018",4,"12568","12554","A","","",2018-09-07,0,NA,NA,NA,0,"36",NA,0,0,"",1,""
"2018",5,"12568","416","A","","",2018-09-14,0,NA,NA,NA,0,"37",NA,0,0,"13",0,NA
"2018",7,"12568","12549","H","","",2018-09-28,0,NA,NA,NA,0,"39",NA,0,0,"",1,""
"2018",8,"12568","12559","A","","",2018-10-05,0,NA,NA,NA,0,"40",NA,0,0,"",1,""
"2018",9,"12568","12552","A","","",2018-10-12,0,NA,NA,NA,0,"41",NA,0,0,"",1,""
"2018",10,"12568","12557","A","","",2018-10-19,0,NA,NA,NA,0,"42",NA,0,0,"",1,""
"2018",11,"12568","12544","H","","",2018-10-26,0,NA,NA,NA,0,"43",NA,0,0,"",1,""
"2018",2,"12570","12543","A","","",2018-08-24,0,NA,NA,NA,0,"34",NA,0,0,"",1,""
"2018",3,"12570","12568","A","","",2018-08-31,0,NA,NA,NA,0,"35",NA,0,0,"",1,""
"2018",4,"12570","12552","H","","",2018-09-07,0,NA,NA,NA,0,"36",NA,0,0,"",1,""
"2018",5,"12570","12554","H","","",2018-09-14,0,NA,NA,NA,0,"37",NA,0,0,"",1,""
"2018",6,"12570","12548","A","","",2018-09-21,0,NA,NA,NA,0,"38",NA,0,0,"",1,""
"2018",7,"12570","12565","A","","",2018-09-28,0,NA,NA,NA,0,"39",NA,0,0,"",1,""
"2018",8,"12570","416","H","","",2018-10-06,0,NA,NA,NA,0,"40",NA,0,0,"13",0,NA
"2018",9,"12570","12559","H","","",2018-10-12,0,NA,NA,NA,0,"41",NA,0,0,"",1,""
"2018",10,"12570","12574","A","","",2018-10-19,0,NA,NA,NA,0,"42",NA,0,0,"",1,""
"2018",2,"12645","12481","H","","",2018-08-24,0,NA,NA,NA,0,"34",NA,0,0,"",1,""
"2018",3,"12645","12492","H","","",2018-08-31,0,NA,NA,NA,0,"35",NA,0,0,"",1,""
"2018",4,"12645","12497","A","","",2018-09-07,0,NA,NA,NA,0,"36",NA,0,0,"",1,""
"2018",5,"12645","12494","A","","",2018-09-14,0,NA,NA,NA,0,"37",NA,0,0,"",1,""
"2018",6,"12645","1488","A","","",2018-09-21,0,NA,NA,NA,0,"38",NA,0,0,"13",0,NA
"2018",7,"12645","12489","H","","",2018-09-28,0,NA,NA,NA,0,"39",NA,0,0,"",1,""
"2018",8,"12645","12491","A","","",2018-10-04,0,NA,NA,NA,0,"40",NA,0,0,"",1,""
"2018",10,"12645","31999","H","","",2018-10-19,0,NA,NA,NA,0,"42",NA,0,0,"",1,""
"2018",11,"12645","31999","H","","",2018-10-26,0,NA,NA,NA,0,"43",NA,0,0,"",1,""
"2018",2,"12650","12371","N","","",2018-08-25,0,NA,NA,NA,0,"34",NA,0,0,"",1,""
"2018",3,"12650","148","A","","",2018-08-31,0,NA,NA,NA,0,"35",NA,0,0,"1",0,NA
"2018",4,"12650","15008","A","","",2018-09-08,0,NA,NA,NA,0,"36",NA,0,0,"",1,""
"2018",5,"12650","25228","H","","",2018-09-14,0,NA,NA,NA,0,"37",NA,0,0,"",1,""
"2018",6,"12650","12530","H","","",2018-09-21,0,NA,NA,NA,0,"38",NA,0,0,"",1,""
"2018",8,"12650","15007","H","","",2018-10-06,0,NA,NA,NA,0,"40",NA,0,0,"",1,""
"2018",9,"12650","1488","A","","",2018-10-12,0,NA,NA,NA,0,"41",NA,0,0,"13",0,NA
"2018",10,"12650","12532","H","","",2018-10-18,0,NA,NA,NA,0,"42",NA,0,0,"",1,""
"2018",11,"12650","25237","H","","",2018-10-26,0,NA,NA,NA,0,"43",NA,0,0,"",1,""
"2018",2,"12860","12539","H","","",2018-08-24,0,NA,NA,NA,0,"34",NA,0,0,"",1,""
"2018",3,"12860","12533","H","","",2018-08-31,0,NA,NA,NA,0,"35",NA,0,0,"",1,""
"2018",4,"12860","12544","A","","",2018-09-07,0,NA,NA,NA,0,"36",NA,0,0,"",1,""
"2018",5,"12860","12543","A","","",2018-09-14,0,NA,NA,NA,0,"37",NA,0,0,"",1,""
"2018",6,"12860","12536","H","","",2018-09-21,0,NA,NA,NA,0,"38",NA,0,0,"",1,""
"2018",7,"12860","12548","A","","",2018-09-28,0,NA,NA,NA,0,"39",NA,0,0,"",1,""
"2018",8,"12860","12545","H","","",2018-10-05,0,NA,NA,NA,0,"40",NA,0,0,"",1,""
"2018",9,"12860","12542","A","","",2018-10-12,0,NA,NA,NA,0,"41",NA,0,0,"",1,""
"2018",10,"12860","416","A","","",2018-10-19,0,NA,NA,NA,0,"42",NA,0,0,"13",0,NA
"2018",1,"13075","13197","H","","",2018-08-17,0,NA,NA,NA,0,"33",NA,0,0,"",1,""
"2018",2,"13075","1188","A","","",2018-08-24,0,NA,NA,NA,0,"34",NA,0,0,"4",0,NA
"2018",3,"13075","696","A","","",2018-08-31,0,NA,NA,NA,0,"35",NA,0,0,"8",0,NA
"2018",4,"13075","13117","H","","",2018-09-07,0,NA,NA,NA,0,"36",NA,0,0,"",1,""
"2018",5,"13075","13011","H","","",2018-09-14,0,NA,NA,NA,0,"37",NA,0,0,"",1,""
"2018",6,"13075","13316","A","","",2018-09-21,0,NA,NA,NA,0,"38",NA,0,0,"",1,""
"2018",7,"13075","13057","A","","",2018-09-28,0,NA,NA,NA,0,"39",NA,0,0,"",1,""
"2018",8,"13075","13133","A","","",2018-10-05,0,NA,NA,NA,0,"40",NA,0,0,"",1,""
"2018",9,"13075","13013","H","","",2018-10-12,0,NA,NA,NA,0,"41",NA,0,0,"",1,""
"2018",10,"13075","13499","H","","",2018-10-19,0,NA,NA,NA,0,"42",NA,0,0,"",1,""
"2018",1,"13117","13235","H","","",2018-08-17,0,NA,NA,NA,0,"33",NA,0,0,"",1,""
"2018",2,"13117","13057","H","","",2018-08-24,0,NA,NA,NA,0,"34",NA,0,0,"",1,""
"2018",3,"13117","13296","A","","",2018-08-31,0,NA,NA,NA,0,"35",NA,0,0,"",1,""
"2018",4,"13117","13075","A","","",2018-09-07,0,NA,NA,NA,0,"36",NA,0,0,"",1,""
"2018",5,"13117","13197","H","","",2018-09-14,0,NA,NA,NA,0,"37",NA,0,0,"",1,""
"2018",6,"13117","13133","A","","",2018-09-21,0,NA,NA,NA,0,"38",NA,0,0,"",1,""
"2018",7,"13117","13316","H","","",2018-09-28,0,NA,NA,NA,0,"39",NA,0,0,"",1,""
"2018",8,"13117","13011","H","","",2018-10-05,0,NA,NA,NA,0,"40",NA,0,0,"",1,""
"2018",9,"13117","696","A","","",2018-10-12,0,NA,NA,NA,0,"41",NA,0,0,"8",0,NA
"2018",10,"13117","13499","H","","",2018-10-19,0,NA,NA,NA,0,"42",NA,0,0,"",1,""
"2018",1,"13164","13027","H","","",2018-08-17,0,NA,NA,NA,0,"33",NA,0,0,"",1,""
"2018",2,"13164","13195","A","","",2018-08-24,0,NA,NA,NA,0,"34",NA,0,0,"",1,""
"2018",3,"13164","13294","A","","",2018-08-31,0,NA,NA,NA,0,"35",NA,0,0,"",1,""
"2018",4,"13164","13167","H","","",2018-09-07,0,NA,NA,NA,0,"36",NA,0,0,"",1,""
"2018",5,"13164","13326","A","","",2018-09-14,0,NA,NA,NA,0,"37",NA,0,0,"",1,""
"2018",6,"13164","13391","H","","",2018-09-21,0,NA,NA,NA,0,"38",NA,0,0,"",1,""
"2018",7,"13164","1719","A","","",2018-09-28,0,NA,NA,NA,0,"39",NA,0,0,"8",0,NA
"2018",8,"13164","10562","H","","",2018-10-05,0,NA,NA,NA,0,"40",NA,0,0,"",1,""
"2018",9,"13164","13021","A","","",2018-10-12,0,NA,NA,NA,0,"41",NA,0,0,"",1,""
"2018",10,"13164","13499","H","","",2018-10-19,0,NA,NA,NA,0,"42",NA,0,0,"",1,""
"2018",1,"13167","13241","H","","",2018-08-17,0,NA,NA,NA,0,"33",NA,0,0,"",1,""
"2018",2,"13167","13030","A","","",2018-08-24,0,NA,NA,NA,0,"34",NA,0,0,"",1,""
"2018",3,"13167","522","H","","",2018-08-31,0,NA,NA,NA,0,"35",NA,0,0,"4",0,NA
"2018",4,"13167","13164","A","","",2018-09-07,0,NA,NA,NA,0,"36",NA,0,0,"",1,""
"2018",5,"13167","1388","A","","",2018-09-14,0,NA,NA,NA,0,"37",NA,0,0,"4",0,NA
"2018",6,"13167","13175","A","","",2018-09-21,0,NA,NA,NA,0,"38",NA,0,0,"",1,""
"2018",7,"13167","10734","H","","",2018-09-28,0,NA,NA,NA,0,"39",NA,0,0,"",1,""
"2018",8,"13167","1346","A","","",2018-10-06,0,NA,NA,NA,0,"40",NA,0,0,"1",0,NA
"2018",9,"13167","13042","A","","",2018-10-12,0,NA,NA,NA,0,"41",NA,0,0,"",1,""
"2018",10,"13167","13499","H","","",2018-10-19,0,NA,NA,NA,0,"42",NA,0,0,"",1,""
"2018",1,"13174","13018","A","","",2018-08-17,0,NA,NA,NA,0,"33",NA,0,0,"",1,""
"2018",2,"13174","13158","H","","",2018-08-24,0,NA,NA,NA,0,"34",NA,0,0,"",1,""
"2018",3,"13174","13324","H","","",2018-08-31,0,NA,NA,NA,0,"35",NA,0,0,"",1,""
"2018",4,"13174","13000","A","","",2018-09-07,0,NA,NA,NA,0,"36",NA,0,0,"",1,""
"2018",5,"13174","13023","A","","",2018-09-14,0,NA,NA,NA,0,"37",NA,0,0,"",1,""
"2018",6,"13174","13385","H","","",2018-09-21,0,NA,NA,NA,0,"38",NA,0,0,"",1,""
"2018",7,"13174","13307","H","","",2018-09-28,0,NA,NA,NA,0,"39",NA,0,0,"",1,""
"2018",8,"13174","402","H","","",2018-10-05,0,NA,NA,NA,0,"40",NA,0,0,"12",0,NA
"2018",9,"13174","13151","A","","",2018-10-12,0,NA,NA,NA,0,"41",NA,0,0,"",1,""
"2018",10,"13174","13499","H","","",2018-10-19,0,NA,NA,NA,0,"42",NA,0,0,"",1,""
"2018",1,"13197","13075","A","","",2018-08-17,0,NA,NA,NA,0,"33",NA,0,0,"",1,""
"2018",2,"13197","1524","H","","",2018-08-24,0,NA,NA,NA,0,"34",NA,0,0,"16",0,NA
"2018",3,"13197","13217","H","","",2018-08-31,0,NA,NA,NA,0,"35",NA,0,0,"",1,""
"2018",4,"13197","13133","H","","",2018-09-07,0,NA,NA,NA,0,"36",NA,0,0,"",1,""
"2018",5,"13197","13117","A","","",2018-09-14,0,NA,NA,NA,0,"37",NA,0,0,"",1,""
"2018",6,"13197","13011","A","","",2018-09-21,0,NA,NA,NA,0,"38",NA,0,0,"",1,""
"2018",7,"13197","13296","H","","",2018-09-28,0,NA,NA,NA,0,"39",NA,0,0,"",1,""
"2018",8,"13197","13057","H","","",2018-10-05,0,NA,NA,NA,0,"40",NA,0,0,"",1,""
"2018",9,"13197","13316","A","","",2018-10-12,0,NA,NA,NA,0,"41",NA,0,0,"",1,""
"2018",10,"13197","13499","H","","",2018-10-19,0,NA,NA,NA,0,"42",NA,0,0,"",1,""
"2018",1,"13338","13260","A","","",2018-08-17,0,NA,NA,NA,0,"33",NA,0,0,"",1,""
"2018",2,"13338","13284","A","","",2018-08-24,0,NA,NA,NA,0,"34",NA,0,0,"",1,""
"2018",3,"13338","13021","A","","",2018-08-31,0,NA,NA,NA,0,"35",NA,0,0,"",1,""
"2018",4,"13338","13339","A","","",2018-09-07,0,NA,NA,NA,0,"36",NA,0,0,"",1,""
"2018",5,"13338","13020","H","","",2018-09-14,0,NA,NA,NA,0,"37",NA,0,0,"",1,""
"2018",6,"13338","13055","A","","",2018-09-21,0,NA,NA,NA,0,"38",NA,0,0,"",1,""
"2018",7,"13338","13326","H","","",2018-09-28,0,NA,NA,NA,0,"39",NA,0,0,"",1,""
"2018",8,"13338","1348","N","","",2018-10-05,0,NA,NA,NA,0,"40",NA,0,0,"11",0,NA
"2018",9,"13338","13027","H","","",2018-10-12,0,NA,NA,NA,0,"41",NA,0,0,"",1,""
"2018",10,"13338","13499","H","","",2018-10-19,0,NA,NA,NA,0,"42",NA,0,0,"",1,""
"2018",1,"13385","13199","A","","",2018-08-17,0,NA,NA,NA,0,"33",NA,0,0,"",1,""
"2018",2,"13385","958","H","","",2018-08-24,0,NA,NA,NA,0,"34",NA,0,0,"24",0,NA
"2018",3,"13385","13151","H","","",2018-08-31,0,NA,NA,NA,0,"35",NA,0,0,"",1,""
"2018",4,"13385","13023","A","","",2018-09-07,0,NA,NA,NA,0,"36",NA,0,0,"",1,""
"2018",5,"13385","13324","H","","",2018-09-14,0,NA,NA,NA,0,"37",NA,0,0,"",1,""
"2018",6,"13385","13174","A","","",2018-09-21,0,NA,NA,NA,0,"38",NA,0,0,"",1,""
"2018",7,"13385","874","H","","",2018-09-28,0,NA,NA,NA,0,"39",NA,0,0,"24",0,NA
"2018",8,"13385","13307","A","","",2018-10-05,0,NA,NA,NA,0,"40",NA,0,0,"",1,""
"2018",9,"13385","13000","H","","",2018-10-12,0,NA,NA,NA,0,"41",NA,0,0,"",1,""
"2018",10,"13385","13499","H","","",2018-10-19,0,NA,NA,NA,0,"42",NA,0,0,"",1,""
"2018",1,"13389","13392","A","","",2018-08-17,0,NA,NA,NA,0,"33",NA,0,0,"",1,""
"2018",2,"13389","13396","H","","",2018-08-24,0,NA,NA,NA,0,"34",NA,0,0,"",1,""
"2018",3,"13389","13168","H","","",2018-08-31,0,NA,NA,NA,0,"35",NA,0,0,"",1,""
"2018",4,"13389","320","A","","",2018-09-07,0,NA,NA,NA,0,"36",NA,0,0,"12",0,NA
"2018",5,"13389","13390","H","","",2018-09-14,0,NA,NA,NA,0,"37",NA,0,0,"",1,""
"2018",6,"13389","13331","H","","",2018-09-21,0,NA,NA,NA,0,"38",NA,0,0,"",1,""
"2018",7,"13389","13492","H","","",2018-09-28,0,NA,NA,NA,0,"39",NA,0,0,"",1,""
"2018",8,"13389","13403","H","","",2018-10-05,0,NA,NA,NA,0,"40",NA,0,0,"",1,""
"2018",9,"13389","13270","A","","",2018-10-12,0,NA,NA,NA,0,"41",NA,0,0,"",1,""
"2018",10,"13389","13499","H","","",2018-10-19,0,NA,NA,NA,0,"42",NA,0,0,"",1,""
"2018",1,"13506","13618","H","","",2018-08-17,0,NA,NA,NA,0,"33",NA,0,0,"",1,""
"2018",2,"13506","1638","A","","",2018-08-24,0,NA,NA,NA,0,"34",NA,0,0,"3",0,NA
"2018",3,"13506","13678","A","","",2018-08-31,0,NA,NA,NA,0,"35",NA,0,0,"",1,""
"2018",4,"13506","13613","A","","",2018-09-07,0,NA,NA,NA,0,"36",NA,0,0,"",1,""
"2018",6,"13506","13682","H","","",2018-09-21,0,NA,NA,NA,0,"38",NA,0,0,"",1,""
"2018",7,"13506","13777","H","","",2018-09-28,0,NA,NA,NA,0,"39",NA,0,0,"",1,""
"2018",8,"13506","13615","H","","",2018-10-05,0,NA,NA,NA,0,"40",NA,0,0,"",1,""
"2018",9,"13506","13757","A","","",2018-10-11,0,NA,NA,NA,0,"41",NA,0,0,"",1,""
"2018",10,"13506","13868","H","","",2018-10-19,0,NA,NA,NA,0,"42",NA,0,0,"",1,""
"2018",11,"13506","13502","H","","",2018-10-26,0,NA,NA,NA,0,"43",NA,0,0,"",1,""
"2018",3,"14523","14536","A","","",2018-08-31,0,NA,NA,NA,0,"35",NA,0,0,"",1,""
"2018",4,"14523","17708","A","","",2018-09-08,0,NA,NA,NA,0,"36",NA,0,0,"",1,""
"2018",5,"14523","14527","A","","",2018-09-14,0,NA,NA,NA,0,"37",NA,0,0,"",1,""
"2018",6,"14523","14519","H","","",2018-09-22,0,NA,NA,NA,0,"38",NA,0,0,"",1,""
"2018",7,"14523","1518","H","","",2018-09-29,0,NA,NA,NA,0,"39",NA,0,0,"16",0,NA
"2018",8,"14523","14526","H","","",2018-10-06,0,NA,NA,NA,0,"40",NA,0,0,"",1,""
"2018",9,"14523","14517","A","","",2018-10-12,0,NA,NA,NA,0,"41",NA,0,0,"",1,""
"2018",10,"14523","14518","H","","",2018-10-19,0,NA,NA,NA,0,"42",NA,0,0,"",1,""
"2018",11,"14523","14871","A","","",2018-10-26,0,NA,NA,NA,0,"43",NA,0,0,"",1,""
"2018",12,"14523","14520","H","*","",2018-11-02,0,NA,NA,NA,0,"44",NA,1,0,"",1,""
"2018",2,"14803","12825","A","","",2018-08-24,0,NA,NA,NA,0,"34",NA,0,0,"",1,""
"2018",3,"14803","14912","H","","",2018-08-31,0,NA,NA,NA,0,"35",NA,0,0,"",1,""
"2018",4,"14803","12654","A","","",2018-09-07,0,NA,NA,NA,0,"36",NA,0,0,"",1,""
"2018",5,"14803","12856","H","","",2018-09-14,0,NA,NA,NA,0,"37",NA,0,0,"",1,""
"2018",6,"14803","14865","H","","",2018-09-21,0,NA,NA,NA,0,"38",NA,0,0,"",1,""
"2018",7,"14803","14810","H","","",2018-09-29,0,NA,NA,NA,0,"39",NA,0,0,"",1,""
"2018",9,"14803","14804","H","","",2018-10-12,0,NA,NA,NA,0,"41",NA,0,0,"",1,""
"2018",10,"14803","1384","A","","",2018-10-20,0,NA,NA,NA,0,"42",NA,0,0,"9",0,NA
"2018",11,"14803","14800","A","","",2018-10-26,0,NA,NA,NA,0,"43",NA,0,0,"",1,""
"2018",12,"14803","14801","A","*","",2018-11-03,0,NA,NA,NA,0,"44",NA,1,0,"",1,""
"2018",3,"14909","10063","A","","",2018-08-31,0,NA,NA,NA,0,"35",NA,0,0,"",1,""
"2018",4,"14909","306","A","","",2018-09-07,0,NA,NA,NA,0,"36",NA,0,0,"1",0,NA
"2018",5,"14909","14912","A","","",2018-09-15,0,NA,NA,NA,0,"37",NA,0,0,"",1,""
"2018",6,"14909","14926","H","","",2018-09-21,0,NA,NA,NA,0,"38",NA,0,0,"",1,""
"2018",7,"14909","14904","A","","",2018-09-28,0,NA,NA,NA,0,"39",NA,0,0,"",1,""
"2018",8,"14909","14905","H","","",2018-10-05,0,NA,NA,NA,0,"40",NA,0,0,"",1,""
"2018",9,"14909","14908","H","","",2018-10-13,0,NA,NA,NA,0,"41",NA,0,0,"",1,""
"2018",10,"14909","14901","A","","",2018-10-19,0,NA,NA,NA,0,"42",NA,0,0,"",1,""
"2018",11,"14909","14906","A","","",2018-10-26,0,NA,NA,NA,0,"43",NA,0,0,"",1,""
"2018",12,"14909","14904","H","*","",2018-11-02,0,NA,NA,NA,0,"44",NA,1,0,"",1,""
"2018",3,"14921","294","A","","",2018-08-31,0,NA,NA,NA,0,"35",NA,0,0,"15",0,NA
"2018",4,"14921","14904","A","","",2018-09-07,0,NA,NA,NA,0,"36",NA,0,0,"",1,""
"2018",5,"14921","14074","A","","",2018-09-14,0,NA,NA,NA,0,"37",NA,0,0,"",1,""
"2018",6,"14921","14903","A","","",2018-09-21,0,NA,NA,NA,0,"38",NA,0,0,"",1,""
"2018",7,"14921","14920","H","","",2018-09-28,0,NA,NA,NA,0,"39",NA,0,0,"",1,""
"2018",8,"14921","14902","A","","",2018-10-05,0,NA,NA,NA,0,"40",NA,0,0,"",1,""
"2018",9,"14921","14910","H","","",2018-10-12,0,NA,NA,NA,0,"41",NA,0,0,"",1,""
"2018",11,"14921","14927","H","","",2018-10-26,0,NA,NA,NA,0,"43",NA,0,0,"",1,""
"2018",12,"14921","14900","A","*","",2018-11-02,0,NA,NA,NA,0,"44",NA,1,0,"",1,""
"2018",6,"15000","15008","A","","",2018-09-22,0,NA,NA,NA,0,"38",NA,0,0,"",1,""
"2018",7,"15000","15004","A","","",2018-09-29,0,NA,NA,NA,0,"39",NA,0,0,"",1,""
"2018",8,"15000","15006","H","","",2018-10-05,0,NA,NA,NA,0,"40",NA,0,0,"",1,""
"2018",10,"15000","1488","A","","",2018-10-19,0,NA,NA,NA,0,"42",NA,0,0,"13",0,NA
"2018",11,"15000","15007","A","","",2018-10-27,0,NA,NA,NA,0,"43",NA,0,0,"",1,""
"2018",3,"15008","12530","A","","",2018-08-31,0,NA,NA,NA,0,"35",NA,0,0,"",1,""
"2018",4,"15008","12650","H","","",2018-09-08,0,NA,NA,NA,0,"36",NA,0,0,"",1,""
"2018",5,"15008","1614","A","","",2018-09-14,0,NA,NA,NA,0,"37",NA,0,0,"5",0,NA
"2018",6,"15008","15000","H","","",2018-09-22,0,NA,NA,NA,0,"38",NA,0,0,"",1,""
"2018",7,"15008","12532","H","","",2018-09-29,0,NA,NA,NA,0,"39",NA,0,0,"",1,""
"2018",8,"15008","15009","A","","",2018-10-06,0,NA,NA,NA,0,"40",NA,0,0,"",1,""
"2018",9,"15008","15010","H","","",2018-10-13,0,NA,NA,NA,0,"41",NA,0,0,"",1,""
"2018",10,"15008","15007","A","","",2018-10-20,0,NA,NA,NA,0,"42",NA,0,0,"",1,""
"2018",11,"15008","15006","H","","",2018-10-27,0,NA,NA,NA,0,"43",NA,0,0,"",1,""
"2018",4,"17501","17479","H","","",2018-09-08,0,NA,NA,NA,0,"36",NA,0,0,"",1,""
"2018",5,"17501","1488","A","","",2018-09-15,0,NA,NA,NA,0,"37",NA,0,0,"13",0,NA
"2018",6,"17501","17478","H","","",2018-09-22,0,NA,NA,NA,0,"38",NA,0,0,"",1,""
"2018",7,"17501","12846","A","","",2018-09-29,0,NA,NA,NA,0,"39",NA,0,0,"",1,""
"2018",8,"17501","17502","H","","",2018-10-06,0,NA,NA,NA,0,"40",NA,0,0,"",1,""
"2018",9,"17501","12847","A","","",2018-10-13,0,NA,NA,NA,0,"41",NA,0,0,"",1,""
"2018",10,"17501","17500","H","","",2018-10-20,0,NA,NA,NA,0,"42",NA,0,0,"",1,""
"2018",11,"17501","17503","A","","",2018-10-27,0,NA,NA,NA,0,"43",NA,0,0,"",1,""
"2018",12,"17501","12849","H","*","",2018-11-04,0,NA,NA,NA,0,"44",NA,1,0,"",1,""
"2018",3,"17505","17550","A","","",2018-08-30,0,NA,NA,NA,0,"35",NA,0,0,"",1,""
"2018",4,"17505","17551","H","","",2018-09-08,0,NA,NA,NA,0,"36",NA,0,0,"",1,""
"2018",5,"17505","1624","A","","",2018-09-14,0,NA,NA,NA,0,"37",NA,0,0,"7",0,NA
"2018",6,"17505","17552","H","","",2018-09-22,0,NA,NA,NA,0,"38",NA,0,0,"",1,""
"2018",7,"17505","17554","A","","",2018-09-28,0,NA,NA,NA,0,"39",NA,0,0,"",1,""
"2018",8,"17505","17553","A","","",2018-10-06,0,NA,NA,NA,0,"40",NA,0,0,"",1,""
"2018",9,"17505","17555","H","","",2018-10-13,0,NA,NA,NA,0,"41",NA,0,0,"",1,""
"2018",10,"17505","17556","H","","",2018-10-20,0,NA,NA,NA,0,"42",NA,0,0,"",1,""
"2018",11,"17505","17540","A","","",2018-10-26,0,NA,NA,NA,0,"43",NA,0,0,"",1,""
"2018",3,"17548","342","A","","",2018-09-01,0,NA,NA,NA,0,"35",NA,0,0,"6",0,NA
"2018",4,"17548","17558","H","","",2018-09-07,0,NA,NA,NA,0,"36",NA,0,0,"",1,""
"2018",6,"17548","17532","A","","",2018-09-21,0,NA,NA,NA,0,"38",NA,0,0,"",1,""
"2018",7,"17548","17560","H","","",2018-09-28,0,NA,NA,NA,0,"39",NA,0,0,"",1,""
"2018",8,"17548","17531","A","","",2018-10-05,0,NA,NA,NA,0,"40",NA,0,0,"",1,""
"2018",9,"17548","15118","A","","",2018-10-13,0,NA,NA,NA,0,"41",NA,0,0,"",1,""
"2018",10,"17548","17537","H","","",2018-10-19,0,NA,NA,NA,0,"42",NA,0,0,"",1,""
"2018",11,"17548","17533","H","","",2018-10-26,0,NA,NA,NA,0,"43",NA,0,0,"",1,""
"2018",15,"17548","17559","A","*","",2018-11-21,0,NA,NA,NA,0,"47",NA,1,0,"",1,""
"2018",2,"21190","1254","N","","",2018-08-26,0,NA,NA,NA,0,"34",NA,0,0,"3",0,NA
"2018",3,"21190","24426","N","","",2018-09-01,0,NA,NA,NA,0,"35",NA,0,0,"",1,""
"2018",4,"21190","21207","H","","",2018-09-08,0,NA,NA,NA,0,"36",NA,0,0,"",1,""
"2018",5,"21190","21168","H","","",2018-09-14,0,NA,NA,NA,0,"37",NA,0,0,"",1,""
"2018",6,"21190","21178","H","","",2018-09-21,0,NA,NA,NA,0,"38",NA,0,0,"",1,""
"2018",7,"21190","21132","A","","",2018-09-28,0,NA,NA,NA,0,"39",NA,0,0,"",1,""
"2018",8,"21190","21166","A","","",2018-10-06,0,NA,NA,NA,0,"40",NA,0,0,"",1,""
"2018",9,"21190","21220","H","","",2018-10-12,0,NA,NA,NA,0,"41",NA,0,0,"",1,""
"2018",10,"21190","21762","A","","",2018-10-19,0,NA,NA,NA,0,"42",NA,0,0,"",1,""
"2018",11,"21190","21999","H","","",2018-10-26,0,NA,NA,NA,0,"43",NA,0,0,"",1,""
"2018",2,"21207","21508","A","","",2018-08-24,0,NA,NA,NA,0,"34",NA,0,0,"",1,""
"2018",3,"21207","1550","A","","",2018-08-31,0,NA,NA,NA,0,"35",NA,0,0,"12",0,NA
"2018",4,"21207","21190","A","","",2018-09-08,0,NA,NA,NA,0,"36",NA,0,0,"",1,""
"2018",5,"21207","21765","H","","",2018-09-14,0,NA,NA,NA,0,"37",NA,0,0,"",1,""
"2018",6,"21207","21764","A","","",2018-09-21,0,NA,NA,NA,0,"38",NA,0,0,"",1,""
"2018",7,"21207","21762","H","","",2018-09-29,0,NA,NA,NA,0,"39",NA,0,0,"",1,""
"2018",8,"21207","21153","H","","",2018-10-06,0,NA,NA,NA,0,"40",NA,0,0,"",1,""
"2018",9,"21207","21212","A","","",2018-10-13,0,NA,NA,NA,0,"41",NA,0,0,"",1,""
"2018",10,"21207","21132","A","","",2018-10-20,0,NA,NA,NA,0,"42",NA,0,0,"",1,""
"2018",11,"21207","21999","H","","",2018-10-26,0,NA,NA,NA,0,"43",NA,0,0,"",1,""
"2018",2,"21282","11192","N","","",2018-08-25,0,NA,NA,NA,0,"34",NA,0,0,"",1,""
"2018",3,"21282","24674","H","","",2018-09-01,0,NA,NA,NA,0,"35",NA,0,0,"",1,""
"2018",4,"21282","21284","A","","",2018-09-07,0,NA,NA,NA,0,"36",NA,0,0,"",1,""
"2018",5,"21282","21045","H","","",2018-09-14,0,NA,NA,NA,0,"37",NA,0,0,"",1,""
"2018",6,"21282","21236","A","","",2018-09-21,0,NA,NA,NA,0,"38",NA,0,0,"",1,""
"2018",7,"21282","21047","H","","",2018-09-28,0,NA,NA,NA,0,"39",NA,0,0,"",1,""
"2018",8,"21282","1624","A","","",2018-10-05,0,NA,NA,NA,0,"40",NA,0,0,"7",0,NA
"2018",9,"21282","21538","H","","",2018-10-12,0,NA,NA,NA,0,"41",NA,0,0,"",1,""
"2018",10,"21282","21009","A","","",2018-10-19,0,NA,NA,NA,0,"42",NA,0,0,"",1,""
"2018",11,"21282","21999","H","","",2018-10-26,0,NA,NA,NA,0,"43",NA,0,0,"",1,""
"2018",2,"24401","23003","H","","",2018-08-24,0,NA,NA,NA,0,"34",NA,0,0,"",1,""
"2018",3,"24401","21044","A","","",2018-08-31,0,NA,NA,NA,0,"35",NA,0,0,"",1,""
"2018",4,"24401","24673","A","","",2018-09-07,0,NA,NA,NA,0,"36",NA,0,0,"",1,""
"2018",5,"24401","24426","H","","",2018-09-14,0,NA,NA,NA,0,"37",NA,0,0,"",1,""
"2018",6,"24401","24362","A","","",2018-09-21,0,NA,NA,NA,0,"38",NA,0,0,"",1,""
"2018",7,"24401","24361","A","","",2018-09-28,0,NA,NA,NA,0,"39",NA,0,0,"",1,""
"2018",8,"24401","24358","H","","",2018-10-05,0,NA,NA,NA,0,"40",NA,0,0,"",1,""
"2018",9,"24401","24433","H","","",2018-10-12,0,NA,NA,NA,0,"41",NA,0,0,"",1,""
"2018",10,"24401","522","A","","",2018-10-19,0,NA,NA,NA,0,"42",NA,0,0,"4",0,NA
"2018",11,"24401","31999","H","","",2018-10-26,0,NA,NA,NA,0,"43",NA,0,0,"",1,""
"2018",2,"24556","21411","A","","",2018-08-24,0,NA,NA,NA,0,"34",NA,0,0,"",1,""
"2018",3,"24556","21319","N","","",2018-09-01,0,NA,NA,NA,0,"35",NA,0,0,"",1,""
"2018",4,"24556","842","A","","",2018-09-07,0,NA,NA,NA,0,"36",NA,0,0,"8",0,NA
"2018",5,"24556","24493","H","","",2018-09-14,0,NA,NA,NA,0,"37",NA,0,0,"",1,""
"2018",6,"24556","24488","A","","",2018-09-21,0,NA,NA,NA,0,"38",NA,0,0,"",1,""
"2018",7,"24556","24675","A","","",2018-09-29,0,NA,NA,NA,0,"39",NA,0,0,"",1,""
"2018",8,"24556","24555","H","","",2018-10-05,0,NA,NA,NA,0,"40",NA,0,0,"",1,""
"2018",9,"24556","24419","A","","",2018-10-12,0,NA,NA,NA,0,"41",NA,0,0,"",1,""
"2018",10,"24556","24426","H","","",2018-10-19,0,NA,NA,NA,0,"42",NA,0,0,"",1,""
"2018",11,"24556","31999","H","","",2018-10-26,0,NA,NA,NA,0,"43",NA,0,0,"",1,""
"2018",2,"24674","30079","A","","",2018-08-25,0,NA,NA,NA,0,"34",NA,0,0,"",1,""
"2018",3,"24674","21282","A","","",2018-09-01,0,NA,NA,NA,0,"35",NA,0,0,"",1,""
"2018",4,"24674","24431","H","","",2018-09-07,0,NA,NA,NA,0,"36",NA,0,0,"",1,""
"2018",5,"24674","24676","A","","",2018-09-14,0,NA,NA,NA,0,"37",NA,0,0,"",1,""
"2018",6,"24674","24490","H","","",2018-09-21,0,NA,NA,NA,0,"38",NA,0,0,"",1,""
"2018",7,"24674","24566","A","","",2018-09-28,0,NA,NA,NA,0,"39",NA,0,0,"",1,""
"2018",8,"24674","24677","H","","",2018-10-05,0,NA,NA,NA,0,"40",NA,0,0,"",1,""
"2018",9,"24674","24361","A","","",2018-10-12,0,NA,NA,NA,0,"41",NA,0,0,"",1,""
"2018",10,"24674","842","A","","",2018-10-19,0,NA,NA,NA,0,"42",NA,0,0,"8",0,NA
"2018",11,"24674","31999","H","","",2018-10-26,0,NA,NA,NA,0,"43",NA,0,0,"",1,""
"2018",4,"25025","1180","A","","",2018-09-07,0,NA,NA,NA,0,"36",NA,0,0,"9",0,NA
"2018",9,"25117","326","A","","",2018-10-13,0,NA,NA,NA,0,"41",NA,0,0,"21",0,NA
"2018",4,"25121","132","A","","",2018-09-07,0,NA,NA,NA,0,"36",NA,0,0,"12",0,NA
"2018",4,"25132","336","A","","",2018-09-07,0,NA,NA,NA,0,"36",NA,0,0,"3",0,NA
"2018",2,"25227","1244","A","","",2018-08-24,0,NA,NA,NA,0,"34",NA,0,0,"7",0,NA
"2018",4,"25227","650","A","","",2018-09-07,0,NA,NA,NA,0,"36",NA,0,0,"1",0,NA
"2018",6,"25227","842","A","","",2018-09-21,0,NA,NA,NA,0,"38",NA,0,0,"8",0,NA
"2018",7,"25227","12499","A","","",2018-09-28,0,NA,NA,NA,0,"39",NA,0,0,"",1,""
"2018",8,"25227","12801","A","","",2018-10-05,0,NA,NA,NA,0,"40",NA,0,0,"",1,""
"2018",9,"25227","17477","A","","",2018-10-13,0,NA,NA,NA,0,"41",NA,0,0,"",1,""
"2018",10,"25227","340","A","","",2018-10-19,0,NA,NA,NA,0,"42",NA,0,0,"17",0,NA
"2018",11,"25227","14912","A","","",2018-10-27,0,NA,NA,NA,0,"43",NA,0,0,"",1,""
"2018",12,"25227","14800","A","*","",2018-11-02,0,NA,NA,NA,0,"44",NA,1,0,"",1,""
"2018",1,"25228","9918","A","","",2018-08-17,0,NA,NA,NA,0,"33",NA,0,0,"",1,""
"2018",2,"25228","1056","A","","",2018-08-24,0,NA,NA,NA,0,"34",NA,0,0,"4",0,NA
"2018",4,"25228","522","A","","",2018-09-07,0,NA,NA,NA,0,"36",NA,0,0,"4",0,NA
"2018",5,"25228","12650","A","","",2018-09-14,0,NA,NA,NA,0,"37",NA,0,0,"",1,""
"2018",6,"25228","894","A","","",2018-09-21,0,NA,NA,NA,0,"38",NA,0,0,"2",0,NA
"2018",7,"25228","1354","A","","",2018-09-29,0,NA,NA,NA,0,"39",NA,0,0,"1",0,NA
"2018",8,"25228","14679","A","","",2018-10-05,0,NA,NA,NA,0,"40",NA,0,0,"",1,""
"2018",9,"25228","1388","A","","",2018-10-12,0,NA,NA,NA,0,"41",NA,0,0,"4",0,NA
"2018",10,"25228","17479","A","","",2018-10-19,0,NA,NA,NA,0,"42",NA,0,0,"",1,""
"2018",11,"25228","12532","A","","",2018-10-26,0,NA,NA,NA,0,"43",NA,0,0,"",1,""
"2018",12,"25228","14317","A","*","",2018-11-02,0,NA,NA,NA,0,"44",NA,1,0,"",1,""
"2018",13,"25228","25237","H","*","",2018-11-09,0,NA,NA,NA,0,"45",NA,1,0,"",1,""
"2018",2,"25237","310","A","","",2018-08-24,0,NA,NA,NA,0,"34",NA,0,0,"13",0,NA
"2018",3,"25237","12532","A","","",2018-08-31,0,NA,NA,NA,0,"35",NA,0,0,"",1,""
"2018",4,"25237","1488","A","","",2018-09-07,0,NA,NA,NA,0,"36",NA,0,0,"13",0,NA
"2018",5,"25237","894","A","","",2018-09-14,0,NA,NA,NA,0,"37",NA,0,0,"2",0,NA
"2018",7,"25237","17478","A","","",2018-09-29,0,NA,NA,NA,0,"39",NA,0,0,"",1,""
"2018",9,"25237","1346","A","","",2018-10-12,0,NA,NA,NA,0,"41",NA,0,0,"1",0,NA
"2018",10,"25237","12853","A","","",2018-10-20,0,NA,NA,NA,0,"42",NA,0,0,"",1,""
"2018",11,"25237","12650","A","","",2018-10-26,0,NA,NA,NA,0,"43",1,0,0,"",1,""
"2018",11,"25237","14679","A","","",2018-10-26,0,NA,NA,NA,0,"43",NA,0,0,"",1,""
"2018",13,"25237","25228","A","*","",2018-11-09,0,NA,NA,NA,0,"45",NA,1,0,"",1,""
"2018",2,"25238","12386","N","","",2018-08-24,0,NA,NA,NA,0,"34",NA,0,0,"",1,""
"2018",3,"25238","1254","A","","",2018-08-31,0,NA,NA,NA,0,"35",NA,0,0,"3",0,NA
"2018",4,"25238","1244","A","","",2018-09-07,0,NA,NA,NA,0,"36",NA,0,0,"7",0,NA
"2018",5,"25238","13524","A","","",2018-09-14,0,NA,NA,NA,0,"37",NA,0,0,"",1,""
"2018",7,"25238","310","A","","",2018-09-28,0,NA,NA,NA,0,"39",NA,0,0,"13",0,NA
"2018",8,"25238","1354","A","","",2018-10-06,0,NA,NA,NA,0,"40",NA,0,0,"1",0,NA
"2018",9,"25238","12532","A","","",2018-10-12,0,NA,NA,NA,0,"41",NA,0,0,"",1,""
"2018",10,"25238","12530","A","","",2018-10-19,0,NA,NA,NA,0,"42",NA,0,0,"",1,""
"2018",11,"25238","476","A","","",2018-10-26,0,NA,NA,NA,0,"43",NA,0,0,"12",0,NA
"2018",13,"25238","14317","A","*","",2018-11-10,0,NA,NA,NA,0,"45",NA,1,0,"",1,""
"2018",14,"25238","14679","A","*","",2018-11-16,0,NA,NA,NA,0,"46",NA,1,0,"",1,""
"2018",4,"25239","964","A","","",2018-09-07,0,NA,NA,NA,0,"36",NA,0,0,"9",0,NA
"2018",4,"28656","13524","A","","",2018-09-07,0,NA,NA,NA,0,"36",NA,0,0,"",1,""
"2018",6,"28656","22078","A","","",2018-09-21,0,NA,NA,NA,0,"38",NA,0,0,"",1,""
"2018",9,"28656","842","A","","",2018-10-12,0,NA,NA,NA,0,"41",NA,0,0,"8",0,NA
"2018",11,"28656","28237","A","","",2018-10-26,0,NA,NA,NA,0,"43",NA,0,0,"",1,""
"2018",2,"398","1706","H","","",2018-08-24,0,NA,NA,NA,0,"34",NA,0,0,"17",0,NA
"2018",3,"398","170","A","","",2018-08-31,0,NA,NA,NA,0,"35",NA,0,0,"17",0,NA
"2018",4,"398","1320","A","","",2018-09-07,0,NA,NA,NA,0,"36",NA,0,0,"10",0,NA
"2018",5,"398","652","A","","",2018-09-14,0,NA,NA,NA,0,"37",NA,0,0,"10",0,NA
"2018",6,"398","790","A","","",2018-09-21,0,NA,NA,NA,0,"38",NA,0,0,"10",0,NA
"2018",7,"398","402","A","","",2018-09-29,0,NA,NA,NA,0,"39",NA,0,0,"12",0,NA
"2018",8,"398","784","H","","",2018-10-05,0,NA,NA,NA,0,"40",NA,0,0,"10",0,NA
"2018",9,"398","1292","H","","",2018-10-12,0,NA,NA,NA,0,"41",NA,0,0,"1",0,NA
"2018",10,"398","506","A","","",2018-10-19,0,NA,NA,NA,0,"42",NA,0,0,"10",0,NA
"2018",11,"398","880","H","","",2018-10-27,0,NA,NA,NA,0,"43",NA,0,0,"10",0,NA
"2018",8,"9007","1296","A","","",2018-10-05,0,NA,NA,NA,0,"40",NA,0,0,"27",0,NA
"2018",2,"9057","1082","H","","",2018-08-24,0,NA,NA,NA,0,"34",NA,0,0,"24",0,NA
"2018",3,"9057","368","A","","",2018-08-31,0,NA,NA,NA,0,"35",NA,0,0,"24",0,NA
"2018",4,"9057","1712","H","","",2018-09-08,0,NA,NA,NA,0,"36",NA,0,0,"24",0,NA
"2018",5,"9057","742","A","","",2018-09-13,0,NA,NA,NA,0,"37",NA,0,0,"12",0,NA
"2018",6,"9057","9272","H","","",2018-09-22,0,NA,NA,NA,0,"38",NA,0,0,"28",0,NA
"2018",7,"9057","776","H","","",2018-09-29,0,NA,NA,NA,0,"39",NA,0,0,"28",0,NA
"2018",8,"9057","715","H","","",2018-10-04,0,NA,NA,NA,0,"40",NA,0,0,"28",0,NA
"2018",9,"9057","1421","A","","",2018-10-13,0,NA,NA,NA,0,"41",NA,0,0,"16",0,NA
"2018",10,"9057","9461","A","","",2018-10-19,0,NA,NA,NA,0,"42",NA,0,0,"28",0,NA
"2018",11,"9057","9910","H","","",2018-10-25,0,NA,NA,NA,0,"43",NA,0,0,"",1,""
"2018",2,"9900","1378","A","","",2018-08-24,0,NA,NA,NA,0,"34",NA,0,0,"25",0,NA
"2018",3,"9900","1751","A","","",2018-09-01,0,NA,NA,NA,0,"35",NA,0,0,"25",0,NA
"2018",4,"9900","9901","H","*","",2018-09-08,0,NA,NA,NA,0,"36",NA,1,0,"",1,""
"2018",5,"9900","440","A","","",2018-09-14,0,NA,NA,NA,0,"37",NA,0,0,"17",0,NA
"2018",6,"9900","1542","A","","",2018-09-22,0,NA,NA,NA,0,"38",NA,0,0,"21",0,NA
"2018",7,"9900","1571","A","","",2018-09-29,0,NA,NA,NA,0,"39",NA,0,0,"10",0,NA
"2018",8,"9900","10200","A","","",2018-10-06,0,NA,NA,NA,0,"40",NA,0,0,"",1,""
"2018",9,"9900","1120","H","","",2018-10-12,0,NA,NA,NA,0,"41",NA,0,0,"9",0,NA
"2018",10,"9900","12801","H","","",2018-10-20,0,NA,NA,NA,0,"42",NA,0,0,"",1,""
"2018",11,"9900","702","H","","",2018-10-27,0,NA,NA,NA,0,"43",NA,0,0,"17",0,NA
"2018",2,"9901","1002","A","*","",2018-08-24,0,NA,NA,NA,0,"34",NA,1,0,"16",0,NA
"2018",3,"9901","13495","H","*","",2018-09-01,0,NA,NA,NA,0,"35",NA,1,0,"",1,""
"2018",4,"9901","9900","A","*","",2018-09-08,0,NA,NA,NA,0,"36",NA,1,0,"",1,""
"2018",5,"9901","13490","H","*","",2018-09-15,0,NA,NA,NA,0,"37",NA,1,0,"",1,""
"2018",6,"9901","13492","H","*","",2018-09-22,0,NA,NA,NA,0,"38",NA,1,0,"",1,""
"2018",7,"9901","9903","A","*","",2018-09-29,0,NA,NA,NA,0,"39",NA,1,0,"",1,""
"2018",8,"9901","9915","H","*","",2018-10-05,0,NA,NA,NA,0,"40",NA,1,0,"",1,""
"2018",9,"9901","9916","H","*","",2018-10-12,0,NA,NA,NA,0,"41",NA,1,0,"",1,""
"2018",10,"9901","1698","H","*","",2018-10-19,0,NA,NA,NA,0,"42",NA,1,0,"7",0,NA
"2018",11,"9901","12801","A","*","",2018-10-27,0,NA,NA,NA,0,"43",NA,1,0,"",1,""
"2018",2,"9903","553","A","*","",2018-08-24,0,NA,NA,NA,0,"34",NA,1,0,"27",0,NA
"2018",3,"9903","830","A","*","",2018-08-31,0,NA,NA,NA,0,"35",NA,1,0,"15",0,NA
"2018",4,"9903","13490","A","*","",2018-09-08,0,NA,NA,NA,0,"36",NA,1,0,"",1,""
"2018",5,"9903","9913","A","*","",2018-09-14,0,NA,NA,NA,0,"37",NA,1,0,"",1,""
"2018",6,"9903","9915","A","*","",2018-09-22,0,NA,NA,NA,0,"38",NA,1,0,"",1,""
"2018",7,"9903","9901","H","*","",2018-09-29,0,NA,NA,NA,0,"39",NA,1,0,"",1,""
"2018",8,"9903","9916","H","*","",2018-10-05,0,NA,NA,NA,0,"40",NA,1,0,"",1,""
"2018",9,"9903","13492","A","*","",2018-10-13,0,NA,NA,NA,0,"41",NA,1,0,"",1,""
"2018",2,"9910","668","A","","",2018-08-24,0,NA,NA,NA,0,"34",NA,0,0,"27",0,NA
"2018",3,"9910","9915","A","*","",2018-09-01,0,NA,NA,NA,0,"35",NA,1,0,"",1,""
"2018",9,"9910","192","H","","",2018-10-12,0,NA,NA,NA,0,"41",NA,0,0,"8",0,NA
"2018",10,"9910","715","H","","",2018-10-19,0,NA,NA,NA,0,"42",NA,0,0,"28",0,NA
"2018",11,"9910","9057","A","","",2018-10-25,0,NA,NA,NA,0,"43",NA,0,0,"0",1,"6"
"2018",2,"9911","748","A","*","",2018-08-24,0,NA,NA,NA,0,"34",NA,1,0,"11",0,NA
"2018",3,"9911","324","A","*","",2018-08-31,0,NA,NA,NA,0,"35",NA,1,0,"28",0,NA
"2018",4,"9911","594","A","*","",2018-09-07,0,NA,NA,NA,0,"36",NA,1,0,"27",0,NA
"2018",5,"9911","1002","A","*","",2018-09-14,0,NA,NA,NA,0,"37",NA,1,0,"16",0,NA
"2018",7,"9911","436","A","*","",2018-09-29,0,NA,NA,NA,0,"39",NA,1,0,"17",0,NA
"2018",9,"9911","1296","A","*","",2018-10-12,0,NA,NA,NA,0,"41",NA,1,0,"27",0,NA
"2018",4,"9913","668","A","*","",2018-09-07,0,NA,NA,NA,0,"36",NA,1,0,"27",0,NA
"2018",5,"9913","9903","H","*","",2018-09-14,0,NA,NA,NA,0,"37",NA,1,0,"",1,""
"2018",5,"9914","938","A","*","",2018-09-14,0,NA,NA,NA,0,"37",NA,1,0,"27",0,NA
"2018",2,"9915","886","A","*","",2018-08-23,0,NA,NA,NA,0,"34",NA,1,0,"28",0,NA
"2018",3,"9915","9910","H","*","",2018-09-01,0,NA,NA,NA,0,"35",NA,1,0,"",1,""
"2018",4,"9915","588","A","*","",2018-09-07,0,NA,NA,NA,0,"36",NA,1,0,"20",0,NA
"2018",6,"9915","9903","H","*","",2018-09-22,0,NA,NA,NA,0,"38",NA,1,0,"",1,""
"2018",7,"9915","1036","A","*","",2018-09-29,0,NA,NA,NA,0,"39",NA,1,0,"27",0,NA
"2018",8,"9915","9901","A","*","",2018-10-05,0,NA,NA,NA,0,"40",NA,1,0,"",1,""
"2018",10,"9915","776","A","*","",2018-10-19,0,NA,NA,NA,0,"42",NA,1,0,"28",0,NA
"2018",2,"9916","204","A","","",2018-08-24,0,NA,NA,NA,0,"34",NA,0,0,"27",0,NA
"2018",3,"9916","222","A","","",2018-08-31,0,NA,NA,NA,0,"35",NA,0,0,"27",0,NA
"2018",4,"9916","484","A","","",2018-09-07,0,NA,NA,NA,0,"36",NA,0,0,"27",0,NA
"2018",8,"9916","9903","A","*","",2018-10-05,0,NA,NA,NA,0,"40",NA,1,0,"",1,""
"2018",9,"9916","9901","A","*","",2018-10-12,0,NA,NA,NA,0,"41",NA,1,0,"",1,""
"2018",10,"9916","1342","A","","",2018-10-19,0,NA,NA,NA,0,"42",NA,0,0,"7",0,NA
"2018",1,"9918","25228","H","","",2018-08-17,0,NA,NA,NA,0,"33",NA,0,0,"",1,""
"2018",2,"9918","12359","A","","",2018-08-24,0,NA,NA,NA,0,"34",NA,0,0,"",1,""
"2018",3,"9918","1638","A","","",2018-08-31,0,NA,NA,NA,0,"35",NA,0,0,"3",0,NA
"2018",4,"9918","872","A","","",2018-09-07,0,NA,NA,NA,0,"36",NA,0,0,"6",0,NA
"2018",5,"9918","1354","H","","",2018-09-14,0,NA,NA,NA,0,"37",NA,0,0,"1",0,NA
"2018",6,"9918","1346","A","","",2018-09-22,0,NA,NA,NA,0,"38",NA,0,0,"1",0,NA
"2018",7,"9918","11582","A","","",2018-09-28,0,NA,NA,NA,0,"39",NA,0,0,"",1,""
"2018",8,"9918","11065","A","","",2018-10-05,0,NA,NA,NA,0,"40",NA,0,0,"",1,""
"2018",9,"9918","476","H","","",2018-10-12,0,NA,NA,NA,0,"41",NA,0,0,"12",0,NA
"2018",10,"9918","24358","H","","",2018-10-19,0,NA,NA,NA,0,"42",NA,0,0,"",1,""
"2018",11,"9918","28652","A","","",2018-10-26,0,NA,NA,NA,0,"43",NA,0,0,"",1,""
"2018",10,"9990","1296","H","","",2018-10-20,0,NA,NA,NA,0,"42",NA,0,0,"27",0,NA
