OHSAA.ID,DoE_IRN,School District,Status,Total,Male%,HS_Students,OHSAA_Est,nonWhite%,EconDis%, Cost ,Direction,FootballTwitter
100,67,Ada Exempted Village,Open,846,53.30%,258,107,6.70%,34.50%,,64 miles south of downtown Toledo,
102,208,Adena Local,Open,1220,51.80%,310,133,6.10%,44.30%,,41 miles south of downtown Columbus,
104,NA,Lorain City,Merged 2010,6537,53.10%,2167,917,76.80%,100.00%,,NA,
105,142034,Columbus City School District,Open,50304,51.40%,13226,5604,77.00%,100.00%,,5 miles east of downtown Columbus,
106,147538,Cincinnati City,Open,34101,50.80%,8998,3665,75.80%,74.40%,,8 miles northwest of downtown Cincinnati,
108,315,Alexander Local,Open,1506,53.20%,421,173,2.70%,41.80%,,67 miles southeast of downtown Columbus,@SpartanEndzone
110,364,Allen East Local,Open,1092,49.20%,319,129,3.90%,29.20%,,68 miles southwest of downtown Toledo,
112,463,Alliance City,Open,3046,52.80%,935,360,29.80%,100.00%,,17 miles northeast of downtown Canton,
114,562,Amanda-Clearcreek Local,Open,1459,50.80%,444,178,3.20%,39.10%,,27 miles southeast of downtown Columbus,
116,NA,West Clermont Local,Merged 2016,8206,51.70%,2405,958,10.60%,28.60%,,16 miles east of downtown Cincinnati,
118,687,Forest Hills Local,Open,7448,51.20%,2402,911,11.70%,7.20%,,10 miles east of downtown Cincinnati,@_AHS_Football
120,752,Anna Local,Open,1166,51.40%,384,149,3.30%,11.20%,,46 miles north of downtown Dayton,@AnnaHSFootball
122,778,Ansonia Local,Open,771,54.20%,193,79,2.60%,27.90%,,40 miles northwest of downtown Dayton,
124,810,Anthony Wayne Local,Open,4208,50.20%,1346,513,5.90%,9.90%,,16 miles southwest of downtown Toledo,@AWHSFootball
126,844,Antwerp Local,Open,721,49.40%,183,71,8.50%,28.30%,,71 miles west of downtown Toledo,
128,893,Arcadia Local,Open,592,47.50%,199,73,12.80%,36.80%,,39 miles south of downtown Toledo,
130,919,Arcanum-Butler Local,Open,1132,52.00%,311,127,4.20%,21.80%,,26 miles northwest of downtown Dayton,@ArcanumFootball
132,NA,Private,Open,#N/A,#N/A,#N/A,#N/A,#N/A,#N/A," $10,400 ",7 miles southeast of downtown Dayton,@AlterHSFootball
134,935,Archbold-Area Local,Open,1210,51.70%,359,143,22.20%,24.70%,,43 miles west of downtown Toledo,
136,992,Arlington Local,Open,569,52.20%,198,79,4.70%,19.20%,,54 miles south of downtown Toledo,
138,1081,Ashland City,Open,3250,51.40%,944,381,8.10%,27.00%,,46 miles west of downtown Akron,
140,1123,Ashtabula Area City,Open,3438,51.50%,954,403,36.20%,100.00%,,52 miles east of downtown Cleveland,
144,1149,Athens City,Open,2600,50.20%,763,291,15.20%,34.60%,,62 miles southeast of downtown Columbus,
146,1297,Aurora City,Open,2961,51.80%,988,380,14.40%,7.10%,,20 miles northeast of downtown Akron,@GreenmenFB
148,11791,Austintown Local Schools,Open,4624,50.20%,1425,542,24.30%,47.80%,,6 miles west of downtown Youngstown,@Fitch_Football
150,1370,Avon Local,Open,4303,51.00%,1298,505,17.10%,11.60%,,20 miles west of downtown Cleveland,
152,1388,Avon Lake City,Open,3820,51.20%,1224,482,8.50%,9.80%,,19 miles west of downtown Cleveland,
154,1420,Ayersville Local,Open,734,49.70%,217,86,13.10%,27.80%,,50 miles southwest of downtown Toledo,
158,NA,Private,Open,#N/A,#N/A,#N/A,#N/A,#N/A,#N/A," $8,840 ",22 miles north of downtown Cincinnati,@BHSfootball4
160,1545,Barberton City,Open,3918,52.60%,1397,546,24.30%,72.10%,,7 miles southwest of downtown Akron,@magicsfootball
162,1602,Barnesville Exempted Village,Open,1386,49.90%,353,136,3.80%,34.30%,,59 miles south of downtown Canton,
164,1701,Batavia Local,Open,2242,51.70%,503,200,14.10%,40.90%,,22 miles east of downtown Cincinnati,@BataviaDogsFB
166,1750,Bath Local,Open,1770,49.90%,468,176,12.40%,40.50%,,68 miles southwest of downtown Toledo,
168,1792,Bay Village City,Open,2482,49.80%,808,299,7.20%,7.20%,,15 miles west of downtown Cleveland,
170,1842,Beachwood City,Open,1586,49.90%,640,221,45.90%,7.20%,,11 miles east of downtown Cleveland,
172,1883,Switzerland of Ohio Local,Open,2176,50.60%,695,267,2.40%,57.80%,,70 miles south of downtown Canton,
176,1958,Beaver Local,Open,1827,51.60%,580,229,2.70%,39.50%,,28 miles south of downtown Youngstown,@BeaverFB_JUICE
178,1966,Beavercreek City,Open,7885,52.00%,2380,954,18.50%,12.00%,,10 miles east of downtown Dayton,@BeaverCreekFB ? 
180,2022,Bedford City,Open,3226,52.20%,1027,414,91.40%,61.20%,,12 miles southeast of downtown Cleveland,@BedfordBearcats
182,2139,Bellaire Local,Open,1158,53.50%,319,134,9.90%,55.20%,,65 miles southeast of downtown Canton,
184,2154,Bellbrook-Sugarcreek Local,Open,2582,50.30%,816,315,13.40%,13.20%,,11 miles southeast of downtown Dayton,
186,68528,Columbus City School District,Open,50304,51.40%,13226,5604,77.00%,100.00%,,10 miles north of downtown Columbus,@croft_football
188,2220,Bellefontaine City,Open,2350,53.20%,712,289,17.40%,46.00%,,48 miles northeast of downtown Dayton,
190,2246,Bellevue City,Open,1918,51.40%,606,242,9.60%,38.90%,,46 miles southeast of downtown Toledo,
192,2303,Dayton City,Open,13093,51.10%,3838,1554,74.50%,100.00%,,4 miles southeast of downtown Dayton,
194,2337,Belpre City,Open,966,48.70%,250,100,10.00%,57.90%,,89 miles southeast of downtown Columbus,
196,NA,Private,Open,#N/A,#N/A,#N/A,#N/A,#N/A,#N/A," $9,500 ",6 miles east of downtown Cleveland,@BeneBengalsFB
198,21220,Benjamin Logan Local,Open,1691,49.70%,505,197,6.90%,18.60%,,48 miles northwest of downtown Columbus,
200,024570/011908,Berea City,Open,6198,52.30%,1914,767,25.20%,30.80%,,14 miles southwest of downtown Cleveland,
202,2436,Berkshire Local,Open,1253,51.80%,414,163,4.00%,20.30%,,30 miles east of downtown Cleveland,
204,2501,Berne Union Local,Open,860,52.00%,268,108,4.70%,51.20%,,34 miles southeast of downtown Columbus,@BerneFootball
206,2576,Bethel Local,Open,1317,51.80%,357,150,6.70%,23.10%,,14 miles northeast of downtown Dayton,@BETHELBEESFBALL
208,2568,Bethel-Tate Local,Open,1544,51.70%,424,179,3.60%,34.70%,,23 miles east of downtown Cincinnati,
212,2675,Bexley City,Open,2384,49.60%,720,281,17.40%,8.20%,,5 miles east of downtown Columbus,@BexleyFootball
214,2709,Big Walnut Local,Open,3624,53.40%,964,395,7.70%,14.10%,,21 miles northeast of downtown Columbus,
218,NA,Private,Open,#N/A,#N/A,#N/A,#N/A,#N/A,#N/A," $9,180 ",6 miles east of downtown Columbus,@HartleyFootball
220,NA,Private,Open,#N/A,#N/A,#N/A,#N/A,#N/A,#N/A," $9,000 ",7 miles west of downtown Columbus,@BRHSFootball
222,NA,Private,Open,#N/A,#N/A,#N/A,#N/A,#N/A,#N/A," $7,650 ",53 miles east of downtown Columbus,
224,NA,Private,Open,#N/A,#N/A,#N/A,#N/A,#N/A,#N/A," $9,370 ",7 miles north of downtown Columbus,
226,2782,Black River Local,Open,1133,51.30%,328,133,4.10%,36.20%,,35 miles west of downtown Akron,@BRFootball_
228,2840,Blanchester Local,Open,1574,52.30%,434,167,3.90%,44.90%,,33 miles east of downtown Cincinnati,
232,4994,Bloom-Carroll Local,Open,2014,51.30%,588,222,5.30%,17.30%,,21 miles southeast of downtown Columbus,@BC_BULLDOG_FB
236,3038,Bluffton Exempted Village,Open,1147,51.70%,312,124,6.50%,17.00%,,57 miles southwest of downtown Toledo,
238,3061,Boardman Local,Open,4135,52.70%,1252,505,26.30%,41.60%,,8 miles south of downtown Youngstown,
242,3285,Bowling Green City School District,Open,3021,51.00%,855,349,21.10%,38.30%,,21 miles southwest of downtown Toledo,
244,3301,Toledo City,Open,23123,52.80%,6515,2742,65.50%,85.20%,,5 miles southwest of downtown Toledo,
246,3376,Bradford Exempted Village,Open,468,51.70%,117,49,1.10%,42.30%,,31 miles northwest of downtown Dayton,
248,3467,Brecksville-Broadview Heights City,Open,3789,52.60%,1329,536,16.70%,11.70%,,14 miles south of downtown Cleveland,@BBHFootball
250,3558,Bridgeport Exempted Village,Open,777,49.90%,212,72,13.60%,54.60%,,61 miles southeast of downtown Canton,@BPTfootball
252,67728,Columbus City School District,Open,50304,51.40%,13226,5604,77.00%,100.00%,,6 miles southwest of downtown Columbus,
256,3749,Brookfield Local,Open,1002,53.40%,282,116,8.40%,53.30%,,11 miles northeast of downtown Youngstown,
258,NA,Columbus City School District,Closed 2014,50304,51.40%,13226,5604,77.00%,100.00%,,7 miles north of downtown Columbus,
260,3780,Brooklyn City,Open,1331,50.00%,447,170,42.80%,56.60%,,8 miles southwest of downtown Cleveland,
262,3830,Sheffield-Sheffield Lake City,Open,1704,53.20%,486,199,18.20%,41.10%,,23 miles west of downtown Cleveland,
264,3863,Brookville Local,Open,1502,51.00%,431,180,4.40%,24.20%,,14 miles west of downtown Dayton,
268,3970,Brunswick City,Open,6991,50.40%,2208,855,9.20%,20.50%,,20 miles northwest of downtown Akron,@BlueDevilFB2017
270,3996,South Euclid-Lyndhurst City,Open,3395,51.70%,1129,439,82.10%,47.10%,,11 miles east of downtown Cleveland,
272,4028,Bryan City,Open,1966,50.60%,554,224,11.50%,39.70%,,56 miles west of downtown Toledo,
274,4077,Akron City,Open,21367,51.10%,6531,2447,66.70%,100.00%,,4 miles west of downtown Akron,
276,4127,Buckeye Local,Open,1740,50.70%,479,193,13.60%,56.10%,,24 miles west of downtown Akron,@BuckeyeBucks15
278,4085,Buckeye Central Local,Open,624,51.00%,163,64,7.50%,39.40%,,62 miles southeast of downtown Toledo,
282,111138,Buckeye Local,Open,1740,50.70%,479,193,13.60%,56.10%,,55 miles southeast of downtown Canton,
284,42564,East Guernsey Local,Open,1007,51.90%,273,108,3.10%,46.40%,,54 miles south of downtown Canton,@BTgridiron
286,4143,Buckeye Valley Local,Open,2212,52.50%,737,298,8.00%,21.00%,,28 miles north of downtown Columbus,@BVBaronFootball
290,4184,Bucyrus City,Open,1258,53.50%,336,142,9.50%,65.00%,,60 miles north of downtown Columbus,
292,4416,Vandalia-Butler City,Open,2935,51.70%,924,372,20.00%,28.60%,,10 miles north of downtown Dayton,
294,4507,Harrison Hills City,Open,1509,48.30%,413,149,6.70%,50.40%,,43 miles southeast of downtown Canton,@HC_Football__
296,4556,Caldwell Exempted Village,Open,826,48.30%,188,72,2.40%,44.40%,,74 miles south of downtown Canton,
298,NA,Private,Open,#N/A,#N/A,#N/A,#N/A,#N/A,#N/A," $6,400 ",43 miles southeast of downtown Toledo,
300,4622,Cambridge City,Open,1888,51.60%,469,187,6.70%,56.50%,,54 miles south of downtown Canton,@CHSBobcatFB
302,4770,Canal Winchester Local,Open,3785,52.30%,1126,448,36.60%,30.40%,,14 miles southeast of downtown Columbus,@CWIndiansFball
304,4796,Canfield Local,Open,2640,51.30%,907,339,9.10%,9.50%,,10 miles southwest of downtown Youngstown,
306,23846,Canton City,Open,8634,50.60%,2490,926,58.10%,100.00%,,3 miles northwest of downtown Canton,@McKFootballPro
308,4853,Cardinal Local,Open,962,51.40%,317,118,4.50%,40.50%,,34 miles east of downtown Cleveland,@huskies_fb
310,NA,Private,Open,#N/A,#N/A,#N/A,#N/A,#N/A,#N/A," $8,050 ",3 miles south of downtown Youngstown,@mooneyfootball
312,NA,Private,Open,#N/A,#N/A,#N/A,#N/A,#N/A,#N/A," $9,250 ",6 miles east of downtown Toledo,
314,4861,Cardington-Lincoln Local,Open,1049,49.40%,277,103,5.00%,38.10%,,38 miles north of downtown Columbus,
316,4887,Carey Exempted Village Schools,Open,805,53.30%,288,116,5.60%,28.10%,,51 miles south of downtown Toledo,
318,4911,Carlisle Local,Open,1593,50.20%,418,173,5.30%,28.60%,,15 miles southwest of downtown Dayton,
320,NA,Private,Open,#N/A,#N/A,#N/A,#N/A,#N/A,#N/A," $8,500 ",6 miles east of downtown Dayton,
322,5017,Carrollton Exempted Village,Open,1961,51.20%,577,233,3.60%,49.00%,,23 miles southeast of downtown Canton,
324,NA,Private,Open,#N/A,#N/A,#N/A,#N/A,#N/A,#N/A," $8,400 ",25 miles east of downtown Dayton,@CCIrishFootball
326,NA,Private,Open,#N/A,#N/A,#N/A,#N/A,#N/A,#N/A,,49 miles southeast of downtown Canton,
328,5173,Cedar Cliff Local,Open,603,48.60%,180,70,11.90%,18.20%,,22 miles east of downtown Dayton,
330,5207,Celina City,Open,2653,51.60%,870,340,12.80%,42.00%,,60 miles northwest of downtown Dayton,
332,68536,Columbus City School District,Open,50304,51.40%,13226,5604,77.00%,100.00%,,9 miles northwest of downtown Columbus,@Chsstarsfb17
334,5298,Centerburg Local,Open,1089,50.40%,302,124,8.00%,20.60%,,29 miles northeast of downtown Columbus,@CHSTrojansFB
336,5322,Centerville City,Open,8223,52.00%,2743,1062,24.10%,14.50%,,11 miles south of downtown Dayton,@CentervilleElk
340,NA,Private,Open,#N/A,#N/A,#N/A,#N/A,#N/A,#N/A," $7,500 ",5 miles west of downtown Canton,
342,NA,Private,Open,#N/A,#N/A,#N/A,#N/A,#N/A,#N/A," $9,450 ",3 miles north of downtown Toledo,@ToledoCCHS_FB
343,NA,Private,Open,#N/A,#N/A,#N/A,#N/A,#N/A,#N/A," $8,650 ",6 miles southwest of downtown Toledo,@tcseaglesFB
344,NA,Akron City,Closed 2006,21367,51.10%,6531,2447,66.70%,100.00%,,NA,
345,142018,South-Western City,Open,22839,52.00%,6850,2800,39.80%,57.20%,,10 miles southwest of downtown Columbus,
346,5751,Chagrin Falls Exempted Village,Open,2000,50.50%,780,283,8.70%,4.50%,,18 miles east of downtown Cleveland,
348,5777,Southington Local,Open,487,51.30%,150,63,6.00%,47.00%,,22 miles northwest of downtown Youngstown,
350,136101,Twinsburg City,Open,4150,52.10%,1283,500,42.00%,16.60%,,19 miles north of downtown Akron,@TwinsburgFB
352,NA,Private,Open,#N/A,#N/A,#N/A,#N/A,#N/A,#N/A," $10,850 ",2 miles south of downtown Dayton,@CJEAGLESFB
354,5819,Champion Local,Open,1345,49.10%,406,159,5.60%,27.20%,,20 miles northwest of downtown Youngstown,
356,NA,Private,????,#N/A,#N/A,#N/A,#N/A,#N/A,#N/A,,12 miles southeast of downtown Cleveland,
358,NA,Youngstown City,????,5224,52.70%,1421,566,85.50%,100.00%,,4 miles west of downtown Youngstown,
360,5876,Chardon Local,Open,2837,50.90%,988,370,7.00%,18.40%,,27 miles east of downtown Cleveland,@topperfb
362,6098,Chesapeake Union Exempted Village,Open,1374,53.10%,370,155,5.20%,59.80%,,111 miles south of downtown Columbus,
364,6296,Chillicothe City,Open,2833,52.10%,869,368,23.30%,100.00%,,45 miles south of downtown Columbus,
366,6312,Chippewa Local,Open,1259,51.80%,394,166,4.40%,28.50%,,13 miles southwest of downtown Akron,
368,NA,Private,Open,#N/A,#N/A,#N/A,#N/A,#N/A,#N/A," $24,555 ",13 miles northeast of downtown Cincinnati,@FootballCCDS
369,NA,Private,Open,#N/A,#N/A,#N/A,#N/A,#N/A,#N/A," $16,795 ",17 miles northeast of downtown Cincinnati,@chcafootball
370,6320,Circleville City,Open,2184,51.10%,559,217,9.80%,69.30%,,27 miles south of downtown Columbus,
372,6494,Oregon City,Open,3541,50.70%,1136,435,20.20%,23.40%,,8 miles east of downtown Toledo,@CHS_EaglesFB
376,6528,Claymont City,Open,1958,53.80%,509,223,6.60%,99.90%,,28 miles south of downtown Canton,
378,6551,Clear Fork Valley Local,Open,1648,51.30%,493,200,4.70%,31.60%,,53 miles northeast of downtown Columbus,@CFColtsFB
380,6619,Clearview Local,Open,1618,50.60%,495,191,57.80%,100.00%,,27 miles west of downtown Cleveland,
382,6635,Clermont Northeastern Local,Open,1432,53.60%,421,176,5.90%,36.70%,,23 miles east of downtown Cincinnati,
384,NA,Private,Open,#N/A,#N/A,#N/A,#N/A,#N/A,#N/A," $8,500 ",5 miles southeast of downtown Cleveland,
385,15842,Cleveland Heights-University Heights City,Open,5224,51.50%,1710,688,82.90%,100.00%,,8 miles east of downtown Cleveland,
388,6734,Clinton-Massie Local,Open,1796,54.30%,548,228,4.20%,21.30%,,26 miles southeast of downtown Dayton,@MassieFootball
390,6759,Cloverleaf Local,Open,2341,51.60%,695,279,5.80%,1.20%,,24 miles west of downtown Akron,
392,6791,Clyde-Green Springs Exempted Village,Open,2188,51.60%,684,275,15.10%,40.30%,,40 miles southeast of downtown Toledo,
394,6858,Coldwater Exempted Village,Open,1389,53.20%,466,176,4.30%,15.80%,,56 miles northwest of downtown Dayton,
396,6890,Northwest Local,Open,8954,52.90%,2649,1068,48.90%,49.80%,,12 miles northwest of downtown Cincinnati,@ColerainFtball
398,6940,Cleveland Municipal,????,38666,51.60%,11963,4847,84.30%,100.00%,,8 miles northeast of downtown Cleveland,
400,6965,Colonel Crawford Local,Open,942,49.50%,264,101,3.60%,35.50%,,59 miles north of downtown Columbus,
402,6841,Dayton City,Open,13093,51.10%,3838,1554,74.50%,100.00%,,5 miles west of downtown Dayton,
404,7021,Columbia Local,Open,851,50.40%,271,100,6.00%,26.10%,,20 miles southwest of downtown Cleveland,@_CHSFootball
406,7054,Tiffin City,Open,2705,51.80%,835,318,10.60%,40.10%,,43 miles southeast of downtown Toledo,
408,7062,Columbiana Exempted Village,Open,1034,50.80%,310,117,6.90%,28.00%,,17 miles south of downtown Youngstown,
410,NA,Private,Open,#N/A,#N/A,#N/A,#N/A,#N/A,#N/A," $23,700 ",9 miles northeast of downtown Columbus,@CA__Football
412,7104,Columbus Grove Local,Open,838,52.00%,271,112,7.90%,24.60%,,58 miles southwest of downtown Toledo,
416,7211,Conneaut Area City,Open,1621,49.70%,412,157,9.40%,59.10%,,60 miles north of downtown Youngstown,@conneautfb
418,7245,Conotton Valley Union Local,Open,414,55.10%,102,48,0.70%,53.90%,,26 miles southeast of downtown Canton,
422,7310,Copley-Fairlawn City,Open,2826,52.90%,1023,399,25.90%,0.20%,,9 miles west of downtown Akron,@CopleyFootball
424,7401,Cory-Rawson Local,Open,554,46.20%,187,63,7.80%,36.10%,,53 miles south of downtown Toledo,@CRHornetsFB
426,7427,Coshocton City,Open,1516,54.00%,370,161,9.80%,99.60%,,46 miles southwest of downtown Canton,
428,7286,Coventry Local,Open,1950,52.80%,679,279,12.30%,42.70%,,6 miles southwest of downtown Akron,
430,7534,Covington Exempted Village,Open,794,53.10%,249,108,5.70%,33.10%,,27 miles north of downtown Dayton,@CHSBuccsFBall
432,7617,Crestline Exempted Village,Open,615,51.50%,160,65,8.90%,95.10%,,60 miles north of downtown Columbus,
434,7674,Crestview Local,Open,1262,50.20%,379,150,1.40%,38.80%,,52 miles west of downtown Akron,
436,7658,Crestview Local,Open,1262,50.20%,379,150,1.40%,38.80%,,19 miles south of downtown Youngstown,@CviewRebel_FB
438,7666,Crestview Local,Open,1262,50.20%,379,150,1.40%,38.80%,,80 miles southwest of downtown Toledo,@CrestviewFB
440,7724,Crestwood Local,Open,1704,48.30%,490,179,3.80%,26.40%,,23 miles northeast of downtown Akron,@cwoodftball
442,7823,Crooksville Exempted Village,Open,1083,48.70%,307,114,1.90%,100.00%,,51 miles east of downtown Columbus,
444,7930,Cuyahoga Falls City,Open,4776,49.60%,1510,576,18.20%,42.30%,,7 miles northeast of downtown Akron,
446,7955,Cuyahoga Heights Local,Open,761,51.40%,243,91,9.70%,18.30%,,7 miles southeast of downtown Cleveland,
448,NA,Private,Open,#N/A,#N/A,#N/A,#N/A,#N/A,#N/A," $9,325 ",10 miles north of downtown Akron,
450,8003,Dalton Local,Open,858,54.20%,235,93,7.30%,23.30%,,18 miles west of downtown Canton,
452,8052,Danbury Local,Open,550,49.10%,155,57,7.30%,26.50%,,43 miles east of downtown Toledo,
454,8086,Danville Local,Open,619,50.10%,160,61,6.10%,41.40%,,52 miles northeast of downtown Columbus,@DanvilleFootbal
456,8136,Lisbon Exempted Village,Open,895,52.10%,264,105,3.80%,49.50%,,25 miles south of downtown Youngstown,
458,8219,Dawson-Bryant Local,Open,1106,51.30%,278,100,1.40%,99.80%,,104 miles south of downtown Columbus,
460,NA,Private,Open,#N/A,#N/A,#N/A,#N/A,#N/A,#N/A," $8,900 ",12 miles south of downtown Dayton,
462,8250,Deer Park Community City,Open,1223,49.30%,341,131,26.70%,39.70%,,11 miles northeast of downtown Cincinnati,
464,8300,Defiance City,Open,2451,51.80%,728,290,33.10%,53.20%,,52 miles southwest of downtown Toledo,@DefiFootball
466,8342,Pike-Delta-York Local,Open,1230,50.90%,329,126,8.50%,37.70%,,26 miles west of downtown Toledo,@Delta_VarsityFB
470,8532,New Lebanon Local,Open,1086,50.60%,304,124,4.20%,47.10%,,12 miles west of downtown Dayton,
472,8722,Dover City,Open,2745,52.90%,833,352,14.80%,31.70%,,21 miles south of downtown Canton,@DoverOHFootball
474,64758,Dublin City,Open,16086,51.80%,4860,1924,38.70%,11.60%,,14 miles northwest of downtown Columbus,@coffmanfootball
475,120485,Dublin City,Open,16086,51.80%,4860,1924,38.70%,11.60%,,14 miles northwest of downtown Columbus,@sciotofootball
476,8821,Dayton City,Open,13093,51.10%,3838,1554,74.50%,100.00%,,4 miles southwest of downtown Dayton,
478,9498,Akron City,Open,21367,51.10%,6531,2447,66.70%,100.00%,,4 miles east of downtown Akron,
480,NA,Cleveland Municipal,????,38666,51.60%,11963,4847,84.30%,100.00%,,NA,
482,9514,Columbus City School District,Open,50304,51.40%,13226,5604,77.00%,100.00%,,3 miles east of downtown Columbus,@EastTigersFB
483,31138,Youngstown City,Open,5224,52.70%,1421,566,85.50%,100.00%,,3 miles east of downtown Youngstown,
484,143644,Charter,Open,378,52.40%,115,49,6.30%,66.90%,,85 miles south of downtown Columbus,
486,146928,Dublin City,Open,16086,51.80%,4860,1924,38.70%,11.60%,,17 miles northwest of downtown Columbus,@CeltsFootball
488,8961,Osnaburg Local,Open,855,52.00%,267,110,6.50%,44.70%,,6 miles east of downtown Canton,@ECHornetsFB
490,8995,East Clinton Local,Open,1293,54.90%,334,137,5.00%,50.30%,,38 miles southeast of downtown Dayton,
492,9589,Eastern Local School District,Open,801,50.70%,187,79,4.70%,100.00%,,67 miles south of downtown Columbus,
494,9571,Eastern Local,Open,1297,50.40%,371,152,3.20%,52.40%,,83 miles southeast of downtown Columbus,
498,9043,East Knox Local,Open,906,54.30%,280,123,5.00%,36.60%,,47 miles northeast of downtown Columbus,
500,9084,East Liverpool City,Open,2112,53.10%,579,235,14.70%,91.10%,,34 miles south of downtown Youngstown,
502,138198,Columbus City School District,Open,50304,51.40%,13226,5604,77.00%,100.00%,,6 miles east of downtown Columbus,
504,9134,East Palestine City,Open,1098,51.20%,345,134,5.40%,53.00%,,20 miles south of downtown Youngstown,
506,009555/012353,Cleveland Municipal,Open,38666,51.60%,11963,4847,84.30%,100.00%,,4 miles east of downtown Cleveland,
508,9779,Eastwood Local,Open,1436,49.50%,408,159,8.80%,21.80%,,17 miles south of downtown Toledo,@EastwoodFB
510,9803,Eaton Community City,Open,1963,49.30%,537,215,6.90%,37.60%,,25 miles west of downtown Dayton,@EatonEaglesFB
512,9894,Edgerton Local,Open,601,48.60%,185,75,8.50%,37.10%,,66 miles west of downtown Toledo,
514,9936,Buckeye Local,Open,1740,50.70%,479,193,13.60%,56.10%,,56 miles north of downtown Youngstown,@EdgewoodHSFB
516,37481,Edgewood City,Open,3683,51.40%,1095,434,8.30%,35.30%,,27 miles north of downtown Cincinnati,@EdgewoodFB
518,10041,Edison Local (formerly Berlin-Milan),Open,1546,51.40%,434,167,10.70%,29.70%,,50 miles west of downtown Cleveland,@Edison_Football
519,18218,Edison Local,Open,1482,50.50%,401,159,2.40%,49.80%,,42 miles southeast of downtown Canton,@EHScatsFootball
520,10090,Edon Northwest Local,Open,506,53.60%,141,59,3.60%,42.30%,,66 miles west of downtown Toledo,
522,NA,Private,Open,#N/A,#N/A,#N/A,#N/A,#N/A,#N/A," $9,800 ",5 miles west of downtown Cincinnati,
524,10173,Elgin Local,Open,989,49.90%,296,116,6.80%,48.80%,,45 miles northwest of downtown Columbus,
526,10199,Elida Local,Open,2413,51.00%,688,271,30.30%,50.10%,,70 miles southwest of downtown Toledo,@ElidaFootball
528,10272,Akron City,Open,21367,51.10%,6531,2447,66.70%,100.00%,,6 miles east of downtown Akron,@ElletFootball
530,10439,Elmwood Local,Open,1227,53.10%,322,130,8.20%,41.00%,,29 miles south of downtown Toledo,
532,10462,Elyria City Schools,Open,6117,50.90%,1843,744,47.70%,65.50%,,26 miles west of downtown Cleveland,
534,NA,Private,Open,#N/A,#N/A,#N/A,#N/A,#N/A,#N/A," $8,200 ",24 miles west of downtown Cleveland,
540,10819,Euclid City,Open,5313,53.20%,1718,701,92.10%,98.60%,,12 miles northeast of downtown Cleveland,@EUCFOOTBALL
542,10884,Evergreen Local,Open,1206,52.40%,366,149,8.90%,27.00%,,24 miles west of downtown Toledo,
544,10926,Fairbanks Local,Open,1057,49.70%,344,129,6.00%,14.90%,,26 miles northwest of downtown Columbus,@FBPantherFB
548,42796,Fairborn City,Open,4166,52.00%,956,407,24.60%,70.30%,,11 miles east of downtown Dayton,@FHS_SKYHAWKS
550,11049,Fairfield City,Open,9817,51.20%,2974,1176,40.90%,36.30%,,18 miles north of downtown Cincinnati,
553,NA,Private,Open,#N/A,#N/A,#N/A,#N/A,#N/A,#N/A," $6,400 ",26 miles southeast of downtown Columbus,
554,11072,Fairfield Union Local,Open,1903,51.20%,595,237,4.10%,33.40%,,32 miles east of downtown Columbus,@RTS_Football
556,11114,Fairland Local,Open,1567,50.20%,384,154,4.00%,50.90%,,111 miles southeast of downtown Columbus,
560,11171,Fairless Local,Open,1506,51.80%,435,178,5.10%,42.40%,,14 miles southwest of downtown Canton,@FairlessFootbll
566,11239,Fairport Harbor Exempted Village,Open,706,45.00%,231,79,21.40%,20.40%,,29 miles northeast of downtown Cleveland,
570,11304,Fairview Park City,Open,1794,50.60%,543,199,16.10%,25.90%,,11 miles west of downtown Cleveland,
572,11288,Central Local,Open,996,49.10%,282,111,9.50%,33.90%,,58 miles west of downtown Toledo,
576,11460,Fayetteville-Perry Local,Open,830,51.60%,255,98,3.40%,39.00%,,32 miles east of downtown Cincinnati,
578,11478,Federal Hocking Local,Open,1031,49.90%,263,109,8.10%,99.90%,,75 miles southeast of downtown Columbus,
582,NA,Private,Open,#N/A,#N/A,#N/A,#N/A,#N/A,#N/A," $10,475 ",21 miles south of downtown Dayton,
584,11551,Field Local,Open,1903,49.30%,486,186,8.80%,23.70%,,11 miles east of downtown Akron,@FieldFalconFtbl
586,11627,Findlay City,Open,5690,52.30%,1831,696,20.50%,36.90%,,43 miles south of downtown Toledo,@_FHSFootball
588,11668,Finneytown Local,Open,1406,52.00%,391,161,63.50%,40.10%,,10 miles north of downtown Cincinnati,
590,11684,Firelands Local,Open,1620,52.80%,490,198,8.30%,30.10%,,35 miles west of downtown Cleveland,
592,11692,Akron City,Open,21367,51.10%,6531,2447,66.70%,100.00%,,5 miles northwest of downtown Akron,
594,NA,Private,Open,#N/A,#N/A,#N/A,#N/A,#N/A,#N/A,,27 miles southeast of downtown Columbus,
598,12591,Fort Frye Local,Open,934,52.60%,259,109,2.50%,47.30%,,78 miles east of downtown Columbus,
602,12641,Fort Loramie Local,Open,750,49.20%,211,86,1.50%,5.60%,,43 miles north of downtown Dayton,@LoramieFootball
604,12674,Fort Recovery Local,Open,1000,51.50%,284,111,3.50%,7.30%,,56 miles northwest of downtown Dayton,
606,12039,Fostoria City,Open,1810,52.30%,468,199,44.30%,75.20%,,35 miles south of downtown Toledo,@fostoria_fb
608,12310,Franklin City,Open,2869,51.50%,806,323,6.20%,64.80%,,17 miles southwest of downtown Dayton,
610,12328,South-Western City,Open,22839,52.00%,6850,2800,39.80%,57.20%,,7 miles west of downtown Columbus,@fhhs_football
614,12450,Fredericktown Local,Open,1206,48.50%,338,133,4.60%,37.00%,,43 miles northeast of downtown Columbus,
616,12500,Fremont City,Open,3760,51.90%,1094,452,42.70%,73.60%,,31 miles southeast of downtown Toledo,@football_ross
618,12567,Frontier Local,Open,589,52.00%,161,67,2.20%,42.60%,,92 miles south of downtown Canton,
620,12773,Galion City,Open,1736,50.40%,394,172,5.90%,62.50%,,56 miles north of downtown Columbus,
622,12799,Gallipolis City,Open,2008,52.30%,529,220,10.20%,51.50%,,90 miles southeast of downtown Columbus,
624,12849,Garaway Local,Open,1160,52.70%,336,135,5.00%,35.30%,,26 miles southwest of downtown Canton,@GarawayFootball
626,NA,Akron City,????,21367,51.10%,6531,2447,66.70%,100.00%,,3 miles southeast of downtown Akron,
630,13110,James A Garfield Local,Open,1413,51.00%,420,166,2.10%,34.60%,,27 miles northeast of downtown Akron,@JAGGMENFB
632,13136,Garfield Heights City Schools,Open,3646,51.50%,1243,503,83.60%,60.00%,,8 miles southeast of downtown Cleveland,
634,13219,Geneva Area City,Open,2410,52.30%,772,309,11.50%,50.70%,,46 miles east of downtown Cleveland,@FbGeneva
636,13243,Genoa Area Local,Open,1325,51.50%,382,156,11.20%,29.10%,,13 miles southeast of downtown Toledo,@GenoaCometsFB
640,13433,Gibsonburg Exempted Village,Open,913,52.90%,255,110,14.80%,37.00%,,24 miles southeast of downtown Toledo,
642,NA,Private,Open,#N/A,#N/A,#N/A,#N/A,#N/A,#N/A," $32,400 ",14 miles east of downtown Cleveland,@GALancerFB
644,13482,Girard City School District,Open,1678,51.70%,547,218,17.40%,57.60%,,7 miles northwest of downtown Youngstown,@GirardFootball
646,NA,West Clermont Local,Merged 2016,8206,51.70%,2405,958,10.60%,28.60%,,15 miles east of downtown Cincinnati,
650,28365,Plain Local,Open,6163,51.10%,2024,777,27.50%,42.90%,,7 miles north of downtown Canton,@glenoakfootball
652,13680,Cleveland Municipal,Open,38666,51.60%,11963,4847,84.30%,100.00%,,6 miles northeast of downtown Cleveland,
658,13920,Goshen Local,Open,2817,52.00%,735,302,7.30%,49.60%,,22 miles east of downtown Cincinnati,
660,14027,Graham Local,Open,1858,53.20%,571,238,5.70%,31.80%,,31 miles northeast of downtown Dayton,
662,14092,Grand Valley Local,Open,1112,52.50%,336,138,5.80%,46.70%,,35 miles northwest of downtown Youngstown,
664,14100,Grandview Heights Schools,Open,1097,52.00%,339,131,8.50%,6.90%,,5 miles west of downtown Columbus,@GHtsFootball
666,14258,Granville Exempted Village,Open,2470,51.30%,846,322,7.80%,5.00%,,27 miles east of downtown Columbus,
667,NA,Private,????,#N/A,#N/A,#N/A,#N/A,#N/A,#N/A,,20 miles north of downtown Cincinnati,
668,14373,Green Local,Open,587,50.10%,175,77,3.10%,54.50%,,94 miles east of downtown Cincinnati,
670,14365,Green Local,Open,587,50.10%,175,77,3.10%,54.50%,,10 miles southeast of downtown Akron,
672,14498,Greeneview Local,Open,1315,50.20%,367,148,5.20%,30.80%,,25 miles east of downtown Dayton,@GviewFootball
676,14571,Greenon Local,Open,1512,48.90%,421,158,8.10%,37.40%,,19 miles east of downtown Dayton,
678,14621,Greenville City,Open,2551,51.00%,836,314,6.70%,51.10%,,35 miles northwest of downtown Dayton,@Wave_Football
680,61325,South-Western City,Open,22839,52.00%,6850,2800,39.80%,57.20%,,9 miles southwest of downtown Columbus,@DAWGPACK_2016
681,NA,Private,Open,#N/A,#N/A,#N/A,#N/A,#N/A,#N/A," $4,998 ",10 miles southwest of downtown Columbus,
682,14704,Groveport Madison Local,Open,5863,52.90%,1682,723,58.20%,60.70%,,10 miles southeast of downtown Columbus,@CruiserFootball
685,036822/000116,Hamilton City,Open,10084,52.10%,2680,1097,33.60%,64.90%,,24 miles north of downtown Cincinnati,@BigBlueFB
686,14944,Hamilton Local,Open,3173,51.30%,862,355,24.50%,56.00%,,9 miles south of downtown Columbus,@HTHS_Football
690,15214,Marion City,Open,4318,52.60%,969,413,22.00%,100.00%,,45 miles north of downtown Columbus,@PrexyFootball
692,15222,Warren City,Open,4940,49.90%,1298,525,58.70%,100.00%,,14 miles northwest of downtown Youngstown,
694,15172,Hardin Northern Local,Open,404,55.20%,110,49,2.20%,40.80%,,62 miles south of downtown Toledo,
695,NA,Charter,Closed 2008,#N/A,#N/A,#N/A,#N/A,#N/A,#N/A,,NA,
696,41368,Southwest Local,Open,3876,51.00%,973,384,7.50%,40.40%,,19 miles northwest of downtown Cincinnati,
698,15560,Painesville City Local,Open,2918,53.60%,828,343,78.70%,98.70%,,29 miles northeast of downtown Cleveland,
702,NA,Private,Open,#N/A,#N/A,#N/A,#N/A,#N/A,#N/A," $29,900 ",17 miles east of downtown Cleveland,@HawkenFootball
704,33084,Delaware City,Open,5615,50.60%,1574,601,18.20%,35.20%,,26 miles north of downtown Columbus,@DelawarePacers
706,15792,Heath City,Open,1687,49.30%,496,197,13.20%,40.20%,,31 miles east of downtown Columbus,@HEATHHSFOOTBALL
708,16048,Hicksville Exempted Village,Open,923,51.20%,252,103,10.30%,36.40%,,69 miles west of downtown Toledo,
710,16154,Highland Local,Open,3172,51.00%,1020,395,5.90%,6.30%,,15 miles northwest of downtown Akron,@scotfootballhhs
712,16162,Highland Local,Open,3172,51.00%,1020,395,5.90%,6.30%,,35 miles northeast of downtown Columbus,
713,9091,Hilliard City,Open,16147,51.80%,4912,2002,27.00%,19.80%,,13 miles west of downtown Columbus,@BradleyJaguarFB
715,NA,Private,Open,#N/A,#N/A,#N/A,#N/A,#N/A,#N/A," $10,685 ",11 miles north of downtown Cincinnati,
716,16303,Hilliard City,Open,16147,51.80%,4912,2002,27.00%,19.80%,,12 miles northwest of downtown Columbus,@hdvfootball
717,123539,Hilliard City,Open,16147,51.80%,4912,2002,27.00%,19.80%,,12 miles west of downtown Columbus,@HDarbyFootball
718,16345,Hillsboro City,Open,2355,51.80%,701,288,11.00%,60.90%,,49 miles east of downtown Cincinnati,
720,16352,Hillsdale Local,Open,805,53.30%,236,94,4.20%,35.30%,,43 miles southwest of downtown Akron,
722,16436,Millcreek-West Unity Local,Open,532,51.90%,148,62,7.90%,37.60%,,49 miles west of downtown Toledo,
724,NA,Private,Open,#N/A,#N/A,#N/A,#N/A,#N/A,#N/A," $10,975 ",3 miles east of downtown Akron,@HobanFootball
726,16568,Holgate Local,Open,437,52.20%,130,54,17.40%,31.80%,,42 miles southwest of downtown Toledo,
728,NA,Private,Open,#N/A,#N/A,#N/A,#N/A,#N/A,#N/A," $9,550 ",10 miles southwest of downtown Cleveland,@NamerFootball
730,16758,North Canton City,Open,4379,51.10%,1593,614,9.80%,16.40%,,8 miles north of downtown Canton,@footballhoover
732,16816,Hopewell-Loudon Local,Open,850,49.20%,265,98,8.90%,23.40%,,40 miles southeast of downtown Toledo,
736,17004,Howland Local,Open,2615,50.70%,827,320,13.00%,42.20%,,13 miles northwest of downtown Youngstown,@HowlandFootball
738,17046,Hubbard Exempted Village,Open,1898,50.70%,585,236,10.30%,39.80%,,6 miles northeast of downtown Youngstown,
740,17095,Hudson City,Open,4591,50.10%,1560,581,12.50%,4.50%,,15 miles northeast of downtown Akron,@RollHudFootball
742,11609,Cincinnati City,Open,34101,50.80%,8998,3665,75.80%,74.40%,,3 miles north of downtown Cincinnati,
744,17160,Huntington Local,Open,1101,51.70%,273,121,3.70%,98.70%,,52 miles south of downtown Columbus,
746,17194,Huron City Schools,Open,1352,51.30%,474,189,8.70%,25.70%,,48 miles west of downtown Cleveland,
748,67736,Columbus City School District,Open,50304,51.40%,13226,5604,77.00%,100.00%,,9 miles east of downtown Columbus,
750,17285,Independence Local,Open,1088,50.00%,354,129,6.60%,7.30%,,11 miles south of downtown Cleveland,
751,41848,Indian Creek Local,Open,2117,50.10%,571,223,10.10%,49.60%,,46 miles southeast of downtown Canton,@ICCreekFootball
752,17301,Indian Hill Exempted Village,Open,2024,51.30%,627,244,22.40%,4.90%,,12 miles northeast of downtown Cincinnati,@ihdogmen
754,17343,Indian Lake Local,Open,1489,51.30%,404,161,8.10%,46.30%,,51 miles northeast of downtown Dayton,
758,17426,Indian Valley Local,Open,1757,50.70%,470,190,2.40%,43.90%,,32 miles south of downtown Canton,@IVHS_Football
760,17491,Ironton City,Open,1376,50.20%,366,146,11.80%,98.50%,,102 miles south of downtown Columbus,
762,17756,Jackson City,Open,2418,52.20%,692,272,4.00%,53.90%,,68 miles south of downtown Columbus,@JHSPolarBearsFB
764,17772,Jackson Local,Open,5970,50.40%,1959,736,12.80%,15.20%,,9 miles northwest of downtown Canton,@JacksonFBAssoc
768,17798,Jackson-Milton Local,Open,718,54.90%,183,80,4.60%,39.60%,,15 miles west of downtown Youngstown,
769,NA,Cincinnati City,Closed 2007,34101,50.80%,8998,3665,75.80%,74.40%,,NA,
772,18184,Delphos City,Open,982,51.50%,309,116,7.80%,43.80%,,71 miles southwest of downtown Toledo,
774,17905,Jefferson Area Local,Open,1637,51.10%,462,182,6.30%,43.10%,,46 miles north of downtown Youngstown,
776,18150,Jefferson Township Local,Open,366,52.20%,99,40,86.30%,98.60%,,9 miles southwest of downtown Dayton,
782,018325/016885,Cleveland Municipal,Open,38666,51.60%,11963,4847,84.30%,100.00%,,7 miles southeast of downtown Cleveland,
784,018382/014919,Cleveland Municipal,Open,38666,51.60%,11963,4847,84.30%,100.00%,,9 miles southeast of downtown Cleveland,@football_clejfk
786,NA,Private,Open,#N/A,#N/A,#N/A,#N/A,#N/A,#N/A," $6,800 ",12 miles northwest of downtown Youngstown,@KennedyFball
788,13656,East Muskingum Local,Open,2070,50.60%,582,238,5.20%,30.70%,,59 miles southwest of downtown Canton,
790,018408/147397/019406,Cleveland Municipal,Open,38666,51.60%,11963,4847,84.30%,100.00%,,5 miles east of downtown Cleveland,@JohnHayFootball
792,018416/015598/015599/015600,Cleveland Municipal,Open,38666,51.60%,11963,4847,84.30%,100.00%,,8 miles southwest of downtown Cleveland,@JMHS_Football
794,18481,Johnstown-Monroe Local,Open,1600,52.30%,454,177,8.40%,20.30%,,22 miles northeast of downtown Columbus,
796,18507,Jonathan Alder Local,Open,2197,49.80%,626,254,7.20%,21.50%,,19 miles west of downtown Columbus,
800,NA,Akron City,????,21367,51.10%,6531,2447,66.70%,100.00%,,4 miles southwest of downtown Akron,
801,13128,Akron City,Open,21367,51.10%,6531,2447,66.70%,100.00%,,4 miles southwest of downtown Akron,@KenGarfieldRams
802,18770,Kenston Local,Open,2710,51.00%,973,372,11.80%,10.60%,,23 miles east of downtown Cleveland,@Bomber_Football
804,18846,Kenton City,Open,1867,50.90%,509,195,7.90%,60.80%,,58 miles northwest of downtown Columbus,
806,68577,Northeastern Local,Open,3172,53.40%,934,388,9.30%,27.50%,,29 miles northeast of downtown Dayton,
807,18929,Kettering City School District,Open,7844,52.20%,2287,891,18.80%,35.70%,,6 miles southeast of downtown Dayton,@FBFairmont
808,18960,Keystone Local,Open,1502,50.20%,468,186,6.30%,26.30%,,30 miles southwest of downtown Cleveland,@KeystoneFB
810,98640,Kings Local,Open,4643,52.10%,1283,515,16.00%,14.90%,,23 miles northeast of downtown Cincinnati,@KFBknights
812,19216,Kirtland Local,Open,1183,50.50%,411,160,4.60%,10.70%,,20 miles east of downtown Cleveland,@kirtlandfootbal
816,19364,Gallia County Local,Open,2287,50.40%,637,257,6.50%,94.30%,,83 miles southeast of downtown Columbus,
818,20008,LaBrae Local,Open,1103,53.00%,329,139,12.10%,63.80%,,17 miles northwest of downtown Youngstown,
820,19539,Lake Local,Open,3359,52.50%,1124,444,5.40%,15.00%,,9 miles southeast of downtown Toledo,
822,61812,Lake Local,Open,3359,52.50%,1124,444,5.40%,15.00%,,13 miles north of downtown Canton,@StreaksFootball
824,NA,Private,Open,#N/A,#N/A,#N/A,#N/A,#N/A,#N/A," $10,200 ",22 miles northeast of downtown Cleveland,@LCCougarFB
828,19661,Lakeview Local,Open,1680,51.80%,524,207,8.00%,27.80%,,17 miles north of downtown Youngstown,
830,19695,Lakewood Local,Open,1877,53.80%,566,228,7.40%,44.90%,,30 miles east of downtown Columbus,
832,19687,Lakewood City,Open,5053,50.40%,1536,578,27.50%,37.70%,,7 miles west of downtown Cleveland,
834,19745,Lakota Local,Open,15807,51.90%,4968,2008,31.50%,17.20%,,30 miles southeast of downtown Toledo,
836,123836,Lakota Local,Open,15807,51.90%,4968,2008,31.50%,17.20%,,22 miles northeast of downtown Cincinnati,@hawksfootball12
837,19737,Lakota Local,Open,15807,51.90%,4968,2008,31.50%,17.20%,,18 miles north of downtown Cincinnati,@LWHSFootball
838,19752,Lancaster City,Open,6395,52.80%,1838,728,8.50%,55.00%,,28 miles southeast of downtown Columbus,@GalePride
840,NA,Private,????,#N/A,#N/A,#N/A,#N/A,#N/A,#N/A,,NA,
842,NA,Private,Open,#N/A,#N/A,#N/A,#N/A,#N/A,#N/A," $11,575 ",9 miles northwest of downtown Cincinnati,@LS_LancerFB
846,20032,Lebanon City,Open,5539,50.80%,1650,643,12.60%,19.40%,,22 miles south of downtown Dayton,@Lebanon_FBall
848,NA,Ledgemont Local,Dissolved 2015,#N/A,#N/A,#N/A,#N/A,#N/A,#N/A,,35 miles east of downtown Cleveland,
850,20107,Leetonia Exempted Village,Open,665,50.10%,202,76,2.90%,65.60%,,17 miles southwest of downtown Youngstown,
852,NA,Private,Open,#N/A,#N/A,#N/A,#N/A,#N/A,#N/A," $7,450 ",40 miles north of downtown Dayton,
854,20149,Leipsic Local,Open,635,50.90%,215,79,52.90%,49.60%,,46 miles southwest of downtown Toledo,
856,20255,Lexington Local,Open,2400,51.50%,722,290,10.20%,24.50%,,55 miles northeast of downtown Columbus,@LexFtblProg
858,NA,Toledo City,Closed 2010,23123,52.80%,6515,2742,65.50%,85.20%,,NA,
860,20388,Liberty Local,Open,1101,51.80%,333,133,51.20%,66.20%,,6 miles north of downtown Youngstown,@LibertyLeops_FB
862,20446,Liberty-Benton Local,Open,1439,50.50%,413,162,11.70%,20.10%,,45 miles south of downtown Toledo,
864,20297,Liberty Center Local,Open,1045,54.90%,349,156,8.60%,25.60%,,30 miles southwest of downtown Toledo,
866,20420,Liberty Union-Thurston Local,Open,1260,52.00%,419,158,5.50%,31.80%,,23 miles east of downtown Columbus,
868,20461,Licking Heights Local,Open,4303,51.30%,1143,475,45.40%,33.30%,,15 miles east of downtown Columbus,@hornetsway
870,20487,Licking Valley Local,Open,2010,51.80%,598,244,3.80%,37.60%,,39 miles east of downtown Columbus,
872,8298,Lima City,Open,3623,52.90%,1042,409,64.80%,100.00%,,69 miles north of downtown Dayton,@limaseniorfb
874,NA,Private,Open,#N/A,#N/A,#N/A,#N/A,#N/A,#N/A," $6,060 ",69 miles north of downtown Dayton,
876,20883,Gahanna-Jefferson City,Open,7629,51.60%,2281,866,39.50%,23.60%,,9 miles east of downtown Columbus,@gahannafootball
880,062315/016427/016429,Cleveland Municipal,Open,38666,51.60%,11963,4847,84.30%,100.00%,,4 miles southwest of downtown Cleveland,
882,21030,Columbus City School District,Open,50304,51.40%,13226,5604,77.00%,100.00%,,5 miles north of downtown Columbus,
884,21113,Little Miami Local,Open,4754,52.00%,1246,523,10.70%,16.90%,,27 miles northeast of downtown Cincinnati,
886,21188,Lockland Local,Open,489,49.30%,165,66,64.60%,98.60%,,11 miles northeast of downtown Cincinnati,
888,21246,Logan-Hocking Local,Open,3784,51.10%,1148,458,4.50%,69.80%,,46 miles southeast of downtown Columbus,@logan_football
890,21212,Logan Elm Local,Open,1776,50.60%,559,233,3.10%,38.80%,,31 miles south of downtown Columbus,@LEBravesFB
892,21287,London City,Open,2120,52.00%,592,245,11.50%,34.50%,,26 miles west of downtown Columbus,@LHSgetyobenchup
894,8309,Lorain City,Open,6537,53.10%,2167,917,76.80%,100.00%,,28 miles west of downtown Cleveland,
896,NA,Private,????,#N/A,#N/A,#N/A,#N/A,#N/A,#N/A,,NA,
900,21519,Loudonville-Perrysville Exempted Village,Open,1048,53.80%,371,152,5.10%,34.00%,,48 miles west of downtown Canton,@LHSbirdfootball
902,21576,Louisville City,Open,2848,50.00%,847,323,3.70%,29.10%,,8 miles east of downtown Canton,
904,21600,Loveland City,Open,4634,52.00%,1441,577,10.40%,13.50%,,19 miles northeast of downtown Cincinnati,@Loveland_FB
906,21683,Lowellville Local,Open,524,49.20%,160,58,12.60%,38.40%,,8 miles southeast of downtown Youngstown,
908,21717,Lucas Local,Open,504,50.60%,126,58,5.00%,26.00%,,54 miles west of downtown Akron,
912,NA,Private,Open,#N/A,#N/A,#N/A,#N/A,#N/A,#N/A," $1,089 ",9 miles east of downtown Cleveland,@LEFalcons
914,NA,Private,Open,#N/A,#N/A,#N/A,#N/A,#N/A,#N/A," $8,906 ",11 miles west of downtown Cleveland,
920,21956,Madeira City,Open,1495,55.10%,428,175,11.40%,7.40%,,12 miles northeast of downtown Cincinnati,
922,22111,Madison Local,Open,1494,51.90%,404,167,4.20%,35.10%,,39 miles northeast of downtown Cleveland,@MadFootball212
924,22087,Madison Local,Open,1494,51.90%,404,167,4.20%,35.10%,,22 miles southwest of downtown Dayton,
926,22178,Madison Local,Open,1494,51.90%,404,167,4.20%,35.10%,,54 miles west of downtown Akron,
928,22160,Madison-Plains Local,Open,1188,53.10%,327,135,7.60%,42.80%,,30 miles west of downtown Columbus,
934,22368,Brown Local,Open,632,53.00%,163,66,9.20%,53.80%,,15 miles southeast of downtown Canton,@MalvernFBall
936,22418,Manchester Local,Open,882,50.80%,249,97,2.60%,99.80%,,11 miles south of downtown Akron,
938,450,Manchester Local,Open,882,50.80%,249,97,2.60%,99.80%,,57 miles southeast of downtown Cincinnati,
940,22483,Mansfield City,Open,3389,53.30%,867,354,48.10%,82.70%,,59 miles west of downtown Akron,@TYger_Football
944,22566,Maple Heights City,Open,3552,51.10%,1051,392,97.70%,87.90%,,11 miles southeast of downtown Cleveland,
946,22640,Mapleton Local,Open,927,50.30%,273,107,2.90%,34.70%,,41 miles west of downtown Akron,
950,22764,Margaretta Local,Open,1159,50.60%,304,122,7.70%,28.80%,,44 miles east of downtown Toledo,
954,22772,Mariemont City,Open,1647,51.40%,506,194,9.20%,9.60%,,10 miles east of downtown Cincinnati,
956,22798,Marietta City,Open,2567,50.70%,791,321,7.50%,41.80%,,89 miles east of downtown Columbus,@MttaFootball
958,22863,Marion Local,Open,848,51.30%,268,104,0.90%,4.00%,,49 miles northwest of downtown Dayton,
960,NA,Private,????,#N/A,#N/A,#N/A,#N/A,#N/A,#N/A,,44 miles north of downtown Columbus,
962,22855,Columbus City School District,Open,50304,51.40%,13226,5604,77.00%,100.00%,,6 miles southeast of downtown Columbus,
964,22947,Marlington Local,Open,2262,52.90%,781,303,10.30%,39.60%,,15 miles northeast of downtown Canton,@MHSDukesfootbal
968,23036,Martins Ferry City,Open,1443,49.60%,423,162,16.60%,62.20%,,60 miles southeast of downtown Canton,
970,23119,Marysville Exempted Village,Open,5089,51.40%,1618,620,10.20%,22.30%,,30 miles northwest of downtown Columbus,@MonarchFball
972,41376,Mason City,Open,10595,51.20%,3533,1334,39.40%,8.00%,,22 miles northeast of downtown Cincinnati,@MasonCometsFB 
974,23218,Mathews Local,Open,646,54.80%,189,79,2.90%,40.90%,,11 miles north of downtown Youngstown,@StangsFootball0
976,23242,Maumee City,Open,2225,52.40%,655,264,22.90%,33.00%,,9 miles southwest of downtown Toledo,@FootballMaumee
980,23325,Mayfield City,Open,4463,53.10%,1713,659,35.30%,23.80%,,13 miles east of downtown Cleveland,@MayfieldFB
982,23358,Maysville Local,Open,2230,49.80%,549,210,6.80%,99.10%,,51 miles east of downtown Columbus,
988,23424,Greenfield Exempted Village,Open,1903,49.90%,549,224,5.80%,58.70%,,49 miles southwest of downtown Columbus,@McClainTigersFB
990,23457,McComb Local,Open,704,49.40%,224,84,14.50%,37.20%,,41 miles southwest of downtown Toledo,
992,23515,McDonald Local,Open,791,49.40%,262,106,8.70%,32.20%,,8 miles northwest of downtown Youngstown,
994,23838,Niles City,Open,2251,50.60%,706,294,15.80%,78.30%,,10 miles northwest of downtown Youngstown,
996,23879,Sebring Local,Open,468,48.50%,140,49,6.80%,99.10%,,22 miles east of downtown Canton,
998,NA,Private,Open,#N/A,#N/A,#N/A,#N/A,#N/A,#N/A," $10,700 ",9 miles east of downtown Cincinnati,@McNRocketFtball
1000,23960,Rolling Hills Local,Open,1615,52.40%,541,221,4.80%,75.60%,,61 miles south of downtown Canton,
1002,23986,Dayton City,Open,13093,51.10%,3838,1554,74.50%,100.00%,,6 miles northwest of downtown Dayton,
1004,24026,Mechanicsburg Exempted Village,Open,857,50.10%,252,100,6.30%,28.40%,,32 miles west of downtown Columbus,
1006,24075,Medina City SD,Open,6794,51.50%,2175,853,11.20%,18.20%,,19 miles west of downtown Akron,@MedinaFootball_ 
1008,24117,Meigs Local,Open,1744,52.10%,556,226,4.30%,99.90%,,82 miles southeast of downtown Columbus,@MeigsFootball
1010,24190,Campbell City,Open,1076,53.20%,314,128,65.90%,82.90%,,4 miles east of downtown Youngstown,
1012,24208,St Marys City,Open,2089,54.40%,746,280,6.50%,47.60%,,57 miles north of downtown Dayton,
1016,24281,Mentor Exempted Village,Open,7767,52.10%,2632,1000,12.40%,27.70%,,24 miles northeast of downtown Cleveland,@MentorRedline
1018,24372,Miami East Local,Open,1332,48.30%,380,144,2.90%,17.60%,,24 miles north of downtown Dayton,
1020,24422,Miamisburg City,Open,5310,51.40%,1530,617,19.00%,33.40%,,11 miles southwest of downtown Dayton,@MiamisburgFball 
1022,24414,Miami Trace Local,Open,2587,51.40%,695,279,9.10%,39.80%,,39 miles east of downtown Dayton,
1023,NA,Private,Open,#N/A,#N/A,#N/A,#N/A,#N/A,#N/A," $9,500 ",10 miles east of downtown Cincinnati,
1026,24562,Middletown City,Open,6274,50.70%,1536,636,42.20%,100.00%,,20 miles southwest of downtown Dayton,
1027,NA,Private,????,#N/A,#N/A,#N/A,#N/A,#N/A,#N/A,,21 miles southwest of downtown Dayton,@MCFBALL1
1028,NA,Berea City,????,6198,52.30%,1914,767,25.20%,30.80%,,12 miles southwest of downtown Cleveland,
1030,24596,Midview Local,Open,2980,51.80%,982,399,12.00%,34.90%,,26 miles southwest of downtown Cleveland,@midviewcoach
1032,24661,Columbus City School District,Open,50304,51.40%,13226,5604,77.00%,100.00%,,8 miles northeast of downtown Columbus,
1034,24745,Milford Exempted Village,Open,6591,51.80%,1886,745,10.40%,21.50%,,17 miles east of downtown Cincinnati,@M_EagleFootball
1036,24851,Southern Local,Open,869,52.50%,264,103,6.70%,99.70%,,48 miles southeast of downtown Columbus,@FalconsFball
1040,39081,Walnut Township Local,Open,542,54.60%,155,67,5.00%,46.10%,,26 miles east of downtown Columbus,
1042,24984,Milton-Union Exempted Village,Open,1418,52.30%,422,176,5.90%,38.90%,,17 miles northwest of downtown Dayton,
1044,25023,Weathersfield Local,Open,982,51.80%,272,107,9.00%,50.40%,,9 miles west of downtown Youngstown,
1046,25056,Minerva Local,Open,1811,50.30%,514,206,4.70%,46.30%,,17 miles east of downtown Canton,@MinervaFootball
1048,25080,Minford Local,Open,1410,51.90%,389,164,2.20%,42.40%,,78 miles south of downtown Columbus,
1052,25114,Minster Local,Open,844,50.60%,281,110,3.60%,10.50%,,47 miles north of downtown Dayton,
1054,25122,Mississinawa Valley Local,Open,652,52.50%,167,69,12.90%,53.40%,,44 miles northwest of downtown Dayton,
1056,NA,Private,Open,#N/A,#N/A,#N/A,#N/A,#N/A,#N/A," $13,850 ",13 miles northeast of downtown Cincinnati,@BigMoeFootball
1058,25148,Mogadore Local,Open,841,53.40%,254,107,1.20%,27.60%,,8 miles east of downtown Akron,@MogFootball
1060,25155,Mohawk Local,Open,927,52.90%,280,109,2.60%,25.50%,,51 miles southeast of downtown Toledo,
1062,139311,Monroe Local,Open,2766,51.40%,723,305,19.10%,28.60%,,25 miles southwest of downtown Dayton,@_MonroeFootball
1063,42085,Switzerland of Ohio Local,Open,2176,50.60%,695,267,2.40%,57.80%,,74 miles south of downtown Canton,
1064,25361,Monroeville Local,Open,600,50.80%,188,76,4.00%,28.20%,,53 miles southeast of downtown Toledo,
1066,25437,Montpelier Exempted Village,Open,891,49.00%,269,110,7.30%,43.00%,,57 miles west of downtown Toledo,
1068,25544,Morgan Local,Open,1848,51.80%,584,221,11.20%,100.00%,,67 miles east of downtown Columbus,
1072,25783,Mount Gilead Exempted Village,Open,1204,50.80%,334,135,6.60%,51.60%,,43 miles north of downtown Columbus,
1074,25817,Mt Healthy City,Open,3108,51.90%,792,322,86.30%,96.00%,,11 miles north of downtown Cincinnati,
1078,25932,Mount Vernon City,Open,3753,51.60%,1066,436,10.90%,47.60%,,41 miles northeast of downtown Columbus,@CoachKerrMV
1080,26419,Napoleon Area City,Open,1955,51.60%,610,245,15.40%,38.20%,,38 miles southwest of downtown Toledo,
1082,26468,National Trail Local,Open,966,53.30%,280,120,4.60%,43.90%,,29 miles west of downtown Dayton,
1084,26567,Nelsonville-York City,Open,1204,51.30%,332,134,5.60%,62.70%,,56 miles southeast of downtown Columbus,
1086,30155,New Albany-Plain Local,Open,4931,51.20%,1518,589,30.20%,6.20%,,14 miles northeast of downtown Columbus,@NewAlbanyFB
1088,27011,Newark City,Open,6246,51.70%,1475,624,15.40%,47.70%,,32 miles east of downtown Columbus,@Newark_Football 
1090,NA,Private,Open,#N/A,#N/A,#N/A,#N/A,#N/A,#N/A," $7,250 ",31 miles east of downtown Columbus,
1092,26641,New Bremen Local,Open,770,49.70%,239,87,3.20%,5.10%,,49 miles north of downtown Dayton,
1094,27052,Newbury Local,Open,374,53.70%,159,63,11.20%,36.40%,,25 miles east of downtown Cleveland,
1096,27060,Newcomerstown Exempted Village,Open,975,49.50%,265,109,8.10%,82.60%,,40 miles southwest of downtown Canton,
1100,64865,New Lexington School District,Open,1729,51.80%,509,205,3.10%,99.90%,,45 miles east of downtown Columbus,
1102,26823,New London Local,Open,937,53.40%,280,120,5.20%,43.00%,,47 miles west of downtown Akron,
1104,26872,New Miami Local,Open,664,49.80%,135,53,11.90%,100.00%,,25 miles north of downtown Cincinnati,@newmiamiVikes
1106,26906,New Philadelphia City,Open,3082,50.40%,777,322,15.90%,44.10%,,23 miles south of downtown Canton,@PhilaFootball
1108,26922,New Richmond Exempted Village,Open,2367,51.40%,641,266,5.30%,39.20%,,18 miles southeast of downtown Cincinnati,
1112,27151,Newton Falls Exempted Village,Open,996,51.50%,317,124,5.00%,52.20%,,19 miles west of downtown Youngstown,
1116,27334,Nordonia Hills City,Open,3647,49.90%,1239,467,22.20%,0.10%,,17 miles north of downtown Akron,@NordKnightFB
1118,27367,Parma City,Open,10258,51.60%,3619,1374,22.00%,43.00%,,11 miles south of downtown Cleveland,
1120,27565,Akron City,Open,21367,51.10%,6531,2447,66.70%,100.00%,,4 miles northeast of downtown Akron,
1122,27573,Willoughby-Eastlake City,Open,8006,52.10%,2687,1039,20.70%,31.10%,,18 miles northeast of downtown Cleveland,@ENRangerfootbal
1124,NA,Springfield City School District,Merged 2008,7678,51.90%,1946,816,44.90%,100.00%,,NA,
1130,26070,North Baltimore Local,Open,620,54.70%,169,73,12.30%,51.90%,,34 miles south of downtown Toledo,@NBLS_Football
1134,26120,North College Hill City,Open,1649,52.70%,419,177,91.60%,77.00%,,10 miles north of downtown Cincinnati,@NCHTrojanFB
1136,27656,Northeastern Local,Open,3172,53.40%,934,388,9.30%,27.50%,,31 miles east of downtown Dayton,
1140,27680,Columbus City School District,Open,50304,51.40%,13226,5604,77.00%,100.00%,,9 miles north of downtown Columbus,
1142,27698,Northmont City,Open,4907,52.00%,1486,612,32.70%,33.30%,,13 miles northwest of downtown Dayton,@Northmont_Fball
1144,27722,Northmor Local,Open,1067,52.80%,295,128,4.40%,41.50%,,50 miles north of downtown Columbus,
1146,26302,North Olmsted City,Open,3796,52.60%,1212,472,17.10%,36.50%,,15 miles west of downtown Cleveland,
1148,27763,Northridge Local,Open,1166,50.40%,376,144,6.00%,26.40%,,5 miles north of downtown Dayton,
1150,27771,Northridge Local,Open,1166,50.40%,376,144,6.00%,26.40%,,27 miles northeast of downtown Columbus,
1152,26336,North Ridgeville City,Open,4348,52.50%,1196,491,10.30%,19.90%,,20 miles west of downtown Cleveland,@rangersfootball
1154,10660,North Royalton City,Open,4147,53.10%,1498,590,15.80%,16.60%,,15 miles south of downtown Cleveland,
1156,26393,North Union Local School District,Open,1523,49.70%,424,162,4.70%,37.50%,,38 miles northwest of downtown Columbus,
1158,27995,Norton City,Open,2587,50.30%,865,330,7.30%,36.50%,,8 miles west of downtown Akron,
1160,28068,Norwalk City,Open,2716,50.70%,753,296,19.40%,50.30%,,53 miles west of downtown Cleveland,
1162,27862,Northwest Local,Open,8954,52.90%,2649,1068,48.90%,49.80%,,14 miles southwest of downtown Akron,@CFNW_FOOTBALL
1164,64683,Northwest Local,Open,8954,52.90%,2649,1068,48.90%,49.80%,,14 miles north of downtown Cincinnati,
1166,27854,Northwest Local,Open,8954,52.90%,2649,1068,48.90%,49.80%,,77 miles south of downtown Columbus,
1168,27896,Northwestern Local,Open,1680,51.40%,501,201,7.70%,29.70%,,23 miles northeast of downtown Dayton,
1170,27888,Northwestern Local,Open,1680,51.40%,501,201,7.70%,29.70%,,34 miles west of downtown Akron,
1172,27961,Northwood Local Schools,Open,936,52.00%,263,107,21.50%,53.20%,,6 miles southeast of downtown Toledo,
1174,28076,Norwayne Local,Open,1472,50.50%,417,168,4.50%,28.30%,,23 miles west of downtown Akron,
1176,28100,Norwood City,Open,1981,51.80%,557,212,31.60%,65.30%,,6 miles northeast of downtown Cincinnati,
1178,NA,Private,Open,#N/A,#N/A,#N/A,#N/A,#N/A,#N/A," $6,550 ",85 miles east of downtown Cincinnati,
1180,NA,Private,Open,#N/A,#N/A,#N/A,#N/A,#N/A,#N/A," $12,795 ",25 miles east of downtown Cleveland,@NDCL_Football
1184,28183,Benton Carroll Salem Local,Open,1480,48.20%,464,173,6.90%,36.60%,,24 miles east of downtown Toledo,@OHRocketFB
1186,119,Oak Hill Union Local,Open,1203,53.00%,328,139,1.40%,72.50%,,78 miles south of downtown Columbus,
1188,28217,Oak Hills Local,Open,7686,49.80%,2265,851,12.30%,20.30%,,9 miles west of downtown Cincinnati,@OakHillsFB
1190,28373,Oakwood City,Open,2100,49.50%,725,262,15.90%,3.40%,,5 miles southeast of downtown Dayton,
1192,28399,Oberlin City Schools,Open,968,50.60%,302,126,49.90%,79.50%,,32 miles west of downtown Cleveland,
1202,28548,Olentangy Local,Open,21002,51.00%,6184,2423,24.80%,6.30%,,18 miles north of downtown Columbus,@OHSBravesFB
1203,145953,Olentangy Local,Open,21002,51.00%,6184,2423,24.80%,6.30%,,18 miles northwest of downtown Columbus,@OlibFootball
1204,28605,Olmsted Falls City,Open,3677,52.50%,1224,493,8.00%,17.30%,,17 miles southwest of downtown Cleveland,@OFfootball1
1206,28670,Ontario Local,Open,1922,50.20%,558,225,17.40%,36.70%,,59 miles northeast of downtown Columbus,
1207,NA,Private,????,#N/A,#N/A,#N/A,#N/A,#N/A,#N/A,,28 miles west of downtown Cleveland,@ODCSPatriotsFB
1208,28712,Orange City,Open,2007,52.30%,683,260,32.10%,12.60%,,14 miles east of downtown Cleveland,@OOHS_Football
1210,28779,Orrville City,Open,1533,51.80%,385,163,25.60%,50.60%,,21 miles southwest of downtown Akron,
1211,9286,Olentangy Local,Open,21002,51.00%,6184,2423,24.80%,6.30%,,16 miles north of downtown Columbus,@OrangeLionsFB
1212,28860,Otsego Local,Open,1525,52.30%,422,164,8.10%,21.90%,,20 miles southwest of downtown Toledo,@Otsego_Football
1214,28910,Ottawa-Glandorf Local,Open,1551,52.00%,475,184,14.10%,18.40%,,52 miles southwest of downtown Toledo,
1216,28894,Ottawa Hills Local,Open,946,54.90%,317,129,21.60%,0.50%,,6 miles west of downtown Toledo,
1224,NA,Private,Open,#N/A,#N/A,#N/A,#N/A,#N/A,#N/A," $11,670 ",10 miles south of downtown Cleveland,@PaduaFootball
1226,29025,Paint Valley Local,Open,862,51.90%,267,107,4.10%,99.80%,,53 miles south of downtown Columbus,
1228,29074,Pandora-Gilboa Local,Open,538,53.70%,162,63,5.40%,19.70%,,55 miles southwest of downtown Toledo,
1230,29280,Parkway Local,Open,1012,52.50%,264,110,2.90%,26.40%,,69 miles northwest of downtown Dayton,
1232,29330,Parma City,Open,10258,51.60%,3619,1374,22.00%,43.00%,,9 miles south of downtown Cleveland,@ParmaRedmen
1234,8433,Patrick Henry Local,Open,845,49.90%,248,99,10.80%,29.50%,,40 miles southwest of downtown Toledo,
1235,66795,Dayton City,Open,13093,51.10%,3838,1554,74.50%,100.00%,,2 miles southwest of downtown Dayton,
1236,29454,Paulding Exempted Village,Open,1431,52.00%,360,145,8.80%,44.50%,,66 miles southwest of downtown Toledo,
1240,29637,Perkins Local,Open,1944,52.40%,589,243,21.10%,30.00%,,48 miles east of downtown Toledo,
1242,29694,Perry Local,Open,795,50.40%,203,88,43.60%,100.00%,,66 miles north of downtown Dayton,
1244,29702,Perry Local,Open,795,50.40%,203,88,43.60%,100.00%,,6 miles west of downtown Canton,@Perry_Football
1246,29710,Perry Local,Open,795,50.40%,203,88,43.60%,100.00%,,35 miles northeast of downtown Cleveland,
1248,29744,Perrysburg Exempted Village,Open,5114,52.40%,1494,613,16.40%,10.50%,,12 miles southwest of downtown Toledo,@PBurgFBall
1252,29843,Franklin Local,Open,1912,50.30%,469,189,3.80%,48.80%,,58 miles east of downtown Columbus,@PhiloFootball1
1254,29876,Pickerington Local,Open,10472,51.40%,3479,1360,41.00%,22.80%,,15 miles east of downtown Columbus,@PCtigerfootball
1255,145086,Pickerington Local,Open,10472,51.40%,3479,1360,41.00%,22.80%,,15 miles east of downtown Columbus,@pnfootball
1256,29991,Scioto Valley Local,Open,1181,53.80%,279,123,3.00%,99.90%,,64 miles south of downtown Columbus,
1258,30098,Piqua City,Open,3290,51.60%,903,377,15.30%,49.70%,,29 miles north of downtown Dayton,
1260,30304,Pleasant Local,Open,1164,52.70%,369,151,6.70%,29.60%,,40 miles north of downtown Columbus,
1262,30429,Plymouth-Shiloh Local,Open,694,52.40%,167,71,8.20%,42.20%,,60 miles west of downtown Akron,
1264,30452,Poland Local,Open,1835,51.70%,655,248,8.00%,14.10%,,9 miles southeast of downtown Youngstown,
1266,30841,Port Clinton City,Open,1723,51.10%,553,231,20.50%,43.70%,,35 miles east of downtown Toledo,
1268,30569,Portsmouth City,Open,1674,52.30%,363,151,25.80%,99.00%,,85 miles east of downtown Cincinnati,
1270,30585,Washington-Nile Local,Open,1459,53.70%,379,159,5.40%,84.10%,,82 miles east of downtown Cincinnati,
1272,34264,Preble Shawnee Local,Open,1380,51.50%,375,150,1.30%,51.40%,,22 miles west of downtown Dayton,
1274,30759,Princeton City,Open,5934,51.40%,1600,642,76.60%,66.00%,,14 miles north of downtown Cincinnati,@VikeNationFB
1276,NA,Private,Open,#N/A,#N/A,#N/A,#N/A,#N/A,#N/A," $8,795 ",4 miles northeast of downtown Cincinnati,@PMCavsFootball
1280,30932,Pymatuning Valley Local,Open,1208,51.20%,334,133,5.60%,64.20%,,37 miles north of downtown Youngstown,
1281,31104,Ravenna City,Open,2313,51.60%,590,233,25.10%,98.70%,,18 miles east of downtown Akron,@RavennaRavens
1282,NA,Youngstown City,????,5224,52.70%,1421,566,85.50%,100.00%,,3 miles north of downtown Youngstown,
1284,31187,Reading Community City,Open,1579,49.00%,367,137,18.50%,60.80%,,11 miles northeast of downtown Cincinnati,@ReadingFtball
1288,31393,Revere Local,Open,2721,52.70%,858,344,14.30%,4.10%,,12 miles northwest of downtown Akron,
1290,012094/012514/012515/012516,Reynoldsburg City,Open,7302,52.90%,2132,885,64.20%,57.70%,,11 miles east of downtown Columbus,@ReynoldsburgFB
1292,017830/016882/016883,Cleveland Municipal,Open,38666,51.60%,11963,4847,84.30%,100.00%,,7 miles southwest of downtown Cleveland,
1294,31583,Richmond Heights Local,Open,796,52.80%,244,92,95.40%,58.50%,,12 miles east of downtown Cleveland,
1296,31666,Ridgedale Local,Open,668,50.30%,186,71,5.80%,48.20%,,49 miles north of downtown Columbus,
1298,31716,Ridgemont Local,Open,495,49.10%,150,59,5.90%,24.00%,,50 miles northwest of downtown Columbus,
1300,31732,Ridgewood Local,Open,1220,51.70%,333,141,3.90%,54.30%,,43 miles southwest of downtown Canton,@RHSfootballLive
1304,31831,Rittman Exempted Village,Open,969,49.00%,256,104,5.60%,44.40%,,17 miles west of downtown Akron,
1306,31856,Switzerland of Ohio Local,Open,2176,50.60%,695,267,2.40%,57.80%,,84 miles southeast of downtown Canton,
1308,31898,Riverdale Local,Open,997,51.70%,277,107,4.70%,34.40%,,56 miles south of downtown Toledo,
1310,31997,Riverside Local,Open,4141,53.40%,1417,593,16.10%,30.80%,,42 miles northeast of downtown Dayton,
1312,31989,Riverside Local,Open,4141,53.40%,1417,593,16.10%,30.80%,,30 miles northeast of downtown Cleveland,@_RHSFootball
1314,31872,River Valley Local,Open,1938,52.50%,547,222,9.20%,37.10%,,44 miles north of downtown Columbus,
1316,31880,River View Local,Open,1979,49.20%,568,221,5.70%,47.80%,,45 miles southwest of downtown Canton,
1318,146480,Rock Hill Local,Open,1436,51.00%,362,154,2.50%,92.90%,,97 miles south of downtown Columbus,@RockHillFb
1320,32243,Rocky River City,Open,2701,50.30%,858,325,10.40%,10.30%,,10 miles west of downtown Cleveland,@The_Marooners
1322,NA,Private,Open,#N/A,#N/A,#N/A,#N/A,#N/A,#N/A," $9,350 ",6 miles north of downtown Cincinnati,@RogerBaconFB
1324,32276,Toledo City,Open,23123,52.80%,6515,2742,65.50%,85.20%,,8 miles west of downtown Toledo,
1326,32508,Kent City,Open,3378,50.70%,1267,452,26.20%,39.90%,,12 miles northeast of downtown Akron,
1328,32607,Rootstown Local,Open,1148,51.70%,319,124,7.00%,19.50%,,16 miles east of downtown Akron,@RTownFB
1330,32755,Ross Local,Open,2863,52.10%,845,340,2.50%,26.30%,,18 miles northwest of downtown Cincinnati,@Ross_Football
1332,32763,Rossford Exempted Village,Open,1544,50.90%,427,176,21.60%,46.40%,,5 miles south of downtown Toledo,
1340,35584,St Bernard-Elmwood Place City,Open,943,48.30%,243,92,50.20%,87.10%,,6 miles north of downtown Cincinnati,
1342,NA,Private,Open,#N/A,#N/A,#N/A,#N/A,#N/A,#N/A," $7,190 ",4 miles east of downtown Columbus,@SCPrepFootball
1344,35626,St Clairsville-Richland City,Open,1747,51.70%,563,226,9.00%,26.10%,,57 miles southeast of downtown Canton,
1346,NA,Private,Open,#N/A,#N/A,#N/A,#N/A,#N/A,#N/A," $15,600 ",7 miles west of downtown Cleveland,@SEHS_FOOTBALL
1348,NA,Private,Open,#N/A,#N/A,#N/A,#N/A,#N/A,#N/A," $8,900 ",7 miles north of downtown Columbus,@FootballSfd
1350,NA,Private,Open,#N/A,#N/A,#N/A,#N/A,#N/A,#N/A," $8,700 ",5 miles west of downtown Toledo,
1352,35659,St Henry Consolidated Local,Open,994,53.60%,301,120,3.80%,9.90%,,52 miles northwest of downtown Dayton,
1354,NA,Private,Open,#N/A,#N/A,#N/A,#N/A,#N/A,#N/A," $14,800 ",3 miles southwest of downtown Cleveland,
1356,NA,Private,????,#N/A,#N/A,#N/A,#N/A,#N/A,#N/A,,NA,
1358,NA,Private,Open,#N/A,#N/A,#N/A,#N/A,#N/A,#N/A," $5,000 ",71 miles southwest of downtown Toledo,
1359,NA,Private,Open,#N/A,#N/A,#N/A,#N/A,#N/A,#N/A," $5,850 ",49 miles east of downtown Cleveland,
1360,NA,Private,Open,#N/A,#N/A,#N/A,#N/A,#N/A,#N/A," $13,635 ",9 miles west of downtown Toledo,
1362,NA,Private,????,#N/A,#N/A,#N/A,#N/A,#N/A,#N/A,,65 miles southeast of downtown Canton,
1364,NA,Private,Open,#N/A,#N/A,#N/A,#N/A,#N/A,#N/A," $9,700 ",11 miles northeast of downtown Cleveland,@VASJFootball
1370,NA,Private,Open,#N/A,#N/A,#N/A,#N/A,#N/A,#N/A," $10,115 ",32 miles southeast of downtown Toledo,
1372,NA,Private,Open,#N/A,#N/A,#N/A,#N/A,#N/A,#N/A," $5,450 ",47 miles east of downtown Toledo,
1374,NA,Private,Open,#N/A,#N/A,#N/A,#N/A,#N/A,#N/A," $4,090 ",53 miles west of downtown Cleveland,
1378,NA,Private,Open,#N/A,#N/A,#N/A,#N/A,#N/A,#N/A," $9,750 ",8 miles northeast of downtown Canton,@STA_KnightsFTB
1384,NA,Private,Open,#N/A,#N/A,#N/A,#N/A,#N/A,#N/A," $10,150 ",3 miles north of downtown Akron,@STVMFootball
1386,NA,Private,????,#N/A,#N/A,#N/A,#N/A,#N/A,#N/A,,36 miles south of downtown Toledo,
1388,NA,Private,Open,#N/A,#N/A,#N/A,#N/A,#N/A,#N/A," $13,320 ",9 miles north of downtown Cincinnati,@StXFB
1392,33472,Salem City,Open,2114,52.60%,614,254,11.20%,55.70%,,18 miles southwest of downtown Youngstown,
1394,33555,Sandusky City,Open,3232,51.50%,847,333,61.10%,100.00%,,47 miles east of downtown Toledo,
1396,33563,Sandy Valley Local,Open,1347,51.70%,408,173,2.90%,45.10%,,13 miles south of downtown Canton,@SV_Cardinals_FB
1398,8262,Toledo City,Open,23123,52.80%,6515,2742,65.50%,85.20%,,3 miles northwest of downtown Toledo,
1400,1198,Seneca East Local,Open,920,54.70%,309,125,5.40%,27.20%,,53 miles southeast of downtown Toledo,
1406,34090,Shadyside Local,Open,838,51.30%,236,91,4.80%,30.50%,,67 miles southeast of downtown Canton,
1408,34108,Shaker Heights City,Open,4955,50.50%,1638,625,59.40%,31.80%,,8 miles east of downtown Cleveland,
1410,34199,East Cleveland City School District,Open,2174,48.90%,813,305,99.80%,97.20%,,8 miles east of downtown Cleveland,
1412,34272,Shawnee Local,Open,2427,51.30%,703,283,16.20%,27.00%,,66 miles north of downtown Dayton,@Shawnee_FB
1414,34256,Clark-Shawnee Local,Open,1872,52.40%,485,197,13.80%,39.10%,,24 miles east of downtown Dayton,@footballbraves
1416,34306,Shelby City,Open,1838,51.80%,489,200,4.70%,48.50%,,63 miles west of downtown Akron,
1418,34314,Noble Local,Open,849,51.00%,234,92,2.90%,45.60%,,70 miles south of downtown Canton,
1420,34363,Northern Local,Open,2301,54.20%,690,280,2.60%,34.90%,,35 miles east of downtown Columbus,
1421,34538,Cincinnati City,Open,34101,50.80%,8998,3665,75.80%,74.40%,,8 miles northeast of downtown Cincinnati,
1422,34561,Sidney City,Open,3164,53.90%,920,389,18.80%,61.90%,,37 miles north of downtown Dayton,
1426,34793,Green Local,Open,587,50.10%,175,77,3.10%,54.50%,,24 miles southwest of downtown Akron,@SmithieFootball
1428,34835,Solon City,Open,4532,51.50%,1631,623,42.40%,9.50%,,17 miles southeast of downtown Cleveland,@SolonFBInfo
1432,4812,Canton Local,Open,2046,53.70%,815,323,17.20%,76.70%,,5 miles south of downtown Canton,
1434,NA,Cleveland Municipal,????,38666,51.60%,11963,4847,84.30%,100.00%,,NA,
1436,35063,Columbus City School District,Open,50304,51.40%,13226,5604,77.00%,100.00%,,3 miles south of downtown Columbus,
1438,NA,Springfield City School District,Merged 2008,7678,51.90%,1946,816,44.90%,100.00%,,NA,
1440,35089,Willoughby-Eastlake City,Open,8006,52.10%,2687,1039,20.70%,31.10%,,18 miles northeast of downtown Cleveland,@WilloughbyRebel
1446,34918,South Central Local,Open,748,51.90%,188,76,4.70%,46.90%,,53 miles west of downtown Akron,@SCTrojanFBall
1448,35170,Southeast Local,Open,1507,50.30%,454,170,4.00%,44.70%,,24 miles east of downtown Akron,@Southeast_FB
1450,35204,Southeastern Local,Open,723,50.50%,190,73,4.70%,30.40%,,49 miles south of downtown Columbus,
1452,35196,Southeastern Local,Open,723,50.50%,190,73,4.70%,30.40%,,31 miles east of downtown Dayton,
1453,15099,Gallia County Local,Open,2287,50.40%,637,257,6.50%,94.30%,,99 miles southeast of downtown Columbus,
1454,35220,Southern Local,Open,869,52.50%,264,103,6.70%,99.70%,,90 miles southeast of downtown Columbus,
1456,36095,Southern Local,Open,869,52.50%,264,103,6.70%,99.70%,,34 miles south of downtown Youngstown,
1458,33282,South Point Local,Open,1544,51.20%,419,166,14.40%,100.00%,,109 miles south of downtown Columbus,
1460,26229,South Range Local,Open,1269,51.50%,421,162,3.00%,22.30%,,13 miles southwest of downtown Youngstown,
1462,NA,Lorain City,Merged 2010,6537,53.10%,2167,917,76.80%,100.00%,,NA,
1468,35345,Spencerville Local,Open,952,52.40%,285,115,5.70%,36.10%,,67 miles north of downtown Dayton,
1470,6593,Springboro Community City,Open,6143,51.80%,1921,752,8.90%,6.30%,,17 miles south of downtown Dayton,@boro_football_ 
1472,35485,Springfield Local,Open,3641,50.50%,1021,410,38.10%,37.00%,,8 miles southeast of downtown Akron,@SpartanPrideFB
1476,35477,Springfield Local,Open,3641,50.50%,1021,410,38.10%,37.00%,,10 miles west of downtown Toledo,@BlueDevilsFB
1478,35469,Springfield Local,Open,3641,50.50%,1021,410,38.10%,37.00%,,13 miles southeast of downtown Youngstown,
1480,35527,Springfield City School District,Open,7678,51.90%,1946,816,44.90%,100.00%,,26 miles northeast of downtown Dayton,
1482,35865,Toledo City,Open,23123,52.80%,6515,2742,65.50%,85.20%,,6 miles northwest of downtown Toledo,
1484,35956,Mad River Local,Open,3907,50.20%,1192,455,24.10%,59.60%,,6 miles northeast of downtown Dayton,@StebbinsFB
1486,22871,Amherst Exempted Village,Open,3625,51.60%,1231,478,18.40%,20.90%,,30 miles west of downtown Cleveland,@AmherstFootball
1488,36020,Steubenville City,Open,2496,52.30%,627,259,39.50%,100.00%,,51 miles southeast of downtown Canton,
1492,36210,Stow-Munroe Falls City School District,Open,5286,51.40%,1813,683,13.50%,22.90%,,11 miles northeast of downtown Akron,
1494,36244,Strasburg-Franklin Local,Open,558,50.50%,154,60,5.90%,31.00%,,18 miles southwest of downtown Canton,@BurgTigersFball
1496,36269,Streetsboro City,Open,2140,51.40%,592,247,24.70%,38.60%,,16 miles northeast of downtown Akron,@StrBoroFootball
1498,36277,Strongsville City,Open,5478,51.20%,1935,725,17.60%,19.60%,,18 miles southwest of downtown Cleveland,@SHSFB1
1500,36301,Struthers City,Open,1868,51.20%,552,219,20.80%,55.60%,,6 miles southeast of downtown Youngstown,@StruthersFtBall
1504,NA,Private,Open,#N/A,#N/A,#N/A,#N/A,#N/A,#N/A," $23,055 ",5 miles northeast of downtown Cincinnati,@theSCDFootball
1506,36582,Swanton Local,Open,1216,52.80%,376,155,12.30%,41.10%,,21 miles west of downtown Toledo,
1508,36640,Sycamore Community City,Open,5431,52.50%,1638,646,36.50%,15.40%,,16 miles northeast of downtown Cincinnati,@SycamoreAves_FB
1510,36707,Sylvania Schools,Open,7703,51.20%,2350,887,18.60%,19.40%,,11 miles west of downtown Toledo,
1512,68551,Sylvania Schools,Open,7703,51.20%,2350,887,18.60%,19.40%,,11 miles west of downtown Toledo,
1514,36749,Symmes Valley Local,Open,744,51.50%,196,80,0.90%,99.70%,,99 miles south of downtown Columbus,
1518,36830,Cincinnati City,Open,34101,50.80%,8998,3665,75.80%,74.40%,,2 miles northwest of downtown Cincinnati,
1520,36863,Talawanda City,Open,2967,52.80%,939,399,8.70%,31.10%,,31 miles northwest of downtown Cincinnati,
1522,36897,Tallmadge City,Open,2382,50.60%,796,303,13.50%,20.70%,,8 miles east of downtown Akron,
1524,36954,Three Rivers Local,Open,2111,51.20%,599,238,8.10%,33.00%,,15 miles west of downtown Cincinnati,@TaylorHSFB
1526,36962,Teays Valley Local,Open,3990,49.50%,1127,439,6.70%,29.20%,,19 miles south of downtown Columbus,@TVvikingfb
1528,36988,Tecumseh Local,Open,2874,50.40%,881,349,19.20%,56.10%,,16 miles northeast of downtown Dayton,
1530,NA,Canton City,Merged 2014,8634,50.60%,2490,926,58.10%,100.00%,,2 miles west of downtown Canton,
1532,37275,Northeastern Local,Open,3172,53.40%,934,388,9.30%,27.50%,,47 miles west of downtown Toledo,
1534,37291,Tipp City Exempted Village,Open,2472,52.60%,761,310,11.80%,13.30%,,17 miles north of downtown Dayton,
1536,37390,Toronto City,Open,932,50.20%,222,83,9.80%,55.50%,,46 miles south of downtown Youngstown,
1538,37531,Triad Local,Open,848,53.30%,287,117,5.40%,34.00%,,35 miles west of downtown Columbus,@TRIADCARDSFB
1540,13755,Trimble Local,Open,814,54.80%,212,92,3.80%,100.00%,,58 miles southeast of downtown Columbus,
1542,NA,Private,Open,#N/A,#N/A,#N/A,#N/A,#N/A,#N/A," $12,000 ",9 miles southeast of downtown Cleveland,
1544,37515,Tri-Valley Local,Open,3024,50.60%,853,343,7.60%,39.40%,,54 miles east of downtown Columbus,
1546,26849,Tri-Village Local,Open,819,50.90%,205,80,3.10%,36.30%,,32 miles west of downtown Dayton,
1548,37564,Triway Local,Open,1602,50.40%,439,175,5.50%,33.30%,,33 miles west of downtown Canton,@TriwayFootball
1550,22186,Trotwood-Madison City,Open,2587,49.90%,818,329,94.00%,100.00%,,8 miles northwest of downtown Dayton,
1552,37598,Troy City,Open,4178,50.60%,1187,481,17.20%,33.90%,,21 miles north of downtown Dayton,
1553,NA,Private,Open,#N/A,#N/A,#N/A,#N/A,#N/A,#N/A," $8,436 ",21 miles north of downtown Dayton,
1554,68502,Forest Hills Local,Open,7448,51.20%,2402,911,11.70%,7.20%,,9 miles east of downtown Cincinnati,
1556,NA,Private,Open,#N/A,#N/A,#N/A,#N/A,#N/A,#N/A," $6,090 ",22 miles south of downtown Canton,
1558,37663,Tuscarawas Valley Local,Open,1365,48.60%,387,143,4.00%,28.60%,,15 miles south of downtown Canton,
1560,37671,Tuslaw Local,Open,1371,49.30%,405,154,3.20%,29.00%,,13 miles west of downtown Canton,
1562,37697,Tri-County North Local,Open,815,51.00%,212,87,4.90%,42.10%,,20 miles west of downtown Dayton,@tcnfootball
1564,37705,Twin Valley Community Local,Open,826,53.40%,262,111,2.70%,45.00%,,19 miles west of downtown Dayton,
1566,37846,Union Local,Open,1451,50.80%,399,151,1.70%,34.90%,,55 miles southeast of downtown Canton,@ULjetsFootball
1568,37861,Union-Scioto Local,Open,2149,50.20%,553,219,10.70%,47.40%,,43 miles south of downtown Columbus,
1570,37911,United Local,Open,1176,49.80%,388,147,3.10%,41.30%,,25 miles east of downtown Canton,
1571,NA,Private,Open,#N/A,#N/A,#N/A,#N/A,#N/A,#N/A," $33,960 ",14 miles east of downtown Cleveland,@USFootball1890
1572,37945,Upper Arlington City,Open,6093,51.50%,1863,713,16.50%,2.40%,,6 miles northwest of downtown Columbus,@UAMensFootball
1574,37952,Upper Sandusky Exempted Village,Open,1589,51.50%,522,206,9.70%,35.20%,,59 miles south of downtown Toledo,
1576,37960,Upper Scioto Valley Local,Open,454,54.40%,143,56,5.90%,55.50%,,66 miles northwest of downtown Columbus,@USVFootball
1578,37994,Urbana City,Open,1958,51.30%,488,203,16.00%,51.00%,,35 miles northeast of downtown Dayton,@urbanaclimbers
1580,NA,Private,Open,#N/A,#N/A,#N/A,#N/A,#N/A,#N/A,,2 miles north of downtown Youngstown,@UrsulineFB
1584,38042,North Fork Local,Open,1591,51.40%,470,202,2.90%,36.80%,,35 miles northeast of downtown Columbus,@UticaRedskinsFB
1586,38125,Valley Local,Open,1028,53.10%,259,114,4.50%,47.10%,,76 miles south of downtown Columbus,
1588,38109,Parma City,Open,10258,51.60%,3619,1374,22.00%,43.00%,,11 miles southwest of downtown Cleveland,@ForgeFootball
1590,38174,Valley View Local,Open,1827,51.90%,554,216,6.50%,30.90%,,14 miles southwest of downtown Dayton,
1592,38232,Van Buren Local,Open,1081,54.30%,340,140,10.10%,12.90%,,38 miles south of downtown Toledo,@VB_Football
1594,38299,Vanlue Local,Open,209,54.10%,#VALUE!,#VALUE!,7.20%,38.80%,,48 miles south of downtown Toledo,
1596,38265,Van Wert City,Open,2057,52.10%,537,224,11.10%,44.70%,,79 miles north of downtown Dayton,
1598,38349,Vermilion Local,Open,1836,49.90%,579,217,9.30%,37.90%,,37 miles west of downtown Cleveland,
1600,38414,Versailles Exempted Village,Open,1327,51.30%,401,159,1.40%,11.00%,,36 miles northwest of downtown Dayton,
1604,38471,Vinton County Local,Open,2051,51.00%,575,231,2.10%,100.00%,,57 miles southeast of downtown Columbus,@VCVIKINGSFB
1606,38935,Wadsworth City,Open,4695,52.20%,1651,639,6.80%,22.30%,,12 miles west of downtown Akron,@WHSgrizzliesFB
1608,38950,Toledo City,Open,23123,52.80%,6515,2742,65.50%,85.20%,,3 miles east of downtown Toledo,
1610,39073,Cincinnati City,Open,34101,50.80%,8998,3665,75.80%,74.40%,,5 miles northeast of downtown Cincinnati,
1612,39107,Columbus City School District,Open,50304,51.40%,13226,5604,77.00%,100.00%,,8 miles east of downtown Columbus,
1614,NA,Private,Open,#N/A,#N/A,#N/A,#N/A,#N/A,#N/A," $10,755 ",10 miles north of downtown Akron,
1616,39164,Wapakoneta City,Open,3101,49.80%,829,330,4.40%,1.70%,,58 miles north of downtown Dayton,
1618,39248,Warren Local,Open,1983,50.10%,608,244,4.10%,36.90%,,81 miles southeast of downtown Columbus,
1620,39263,Warrensville Heights City,Open,1642,51.80%,489,202,99.00%,99.90%,,11 miles east of downtown Cleveland,@WHHSFB
1624,39602,Massillon City,Open,3925,51.60%,1192,472,27.80%,100.00%,,8 miles west of downtown Canton,@MassillonProud
1626,39701,Washington Court House City,Open,2250,50.50%,610,230,14.00%,53.60%,,38 miles southwest of downtown Columbus,
1628,39750,Wolf Creek Local,Open,582,49.10%,188,72,2.10%,32.50%,,78 miles east of downtown Columbus,
1630,39784,Waterloo Local,Open,1066,51.00%,331,135,5.00%,35.60%,,19 miles east of downtown Akron,
1632,39842,Southwest Licking Local,Open,4055,51.80%,1141,470,12.70%,25.80%,,19 miles east of downtown Columbus,
1634,39883,Wauseon Exempted Village,Open,1801,54.90%,539,232,25.00%,34.40%,,33 miles west of downtown Toledo,@WauseonFootball
1636,39909,Waverly City,Open,1773,51.60%,459,192,6.10%,99.60%,,59 miles south of downtown Columbus,
1638,40048,Huber Heights City,Open,5756,53.20%,1628,688,40.20%,51.40%,,8 miles northeast of downtown Dayton,
1640,40071,Southeast Local,Open,1507,50.30%,454,170,4.00%,44.70%,,25 miles west of downtown Canton,
1642,40097,Waynesfield-Goshen Local,Open,502,49.80%,123,48,4.80%,24.10%,,61 miles north of downtown Dayton,
1644,40055,Wayne Local,Open,1437,52.10%,471,189,5.70%,15.40%,,18 miles southeast of downtown Dayton,@waynesvillefb
1646,29470,Wayne Trace Local,Open,920,50.90%,261,109,4.50%,38.00%,,69 miles southwest of downtown Toledo,
1650,61317,Wellington Exempted Village,Open,1018,49.90%,290,111,7.80%,31.70%,,37 miles southwest of downtown Cleveland,
1652,40261,Wellston City,Open,1343,50.60%,347,137,3.50%,100.00%,,64 miles southeast of downtown Columbus,
1654,40279,Wellsville Local,Open,755,52.60%,222,89,12.50%,99.70%,,36 miles south of downtown Youngstown,
1656,40527,Columbus City School District,Open,50304,51.40%,13226,5604,77.00%,100.00%,,6 miles west of downtown Columbus,
1658,38554,West Branch Local,Open,2051,52.70%,604,252,4.30%,37.70%,,23 miles east of downtown Canton,@WB_Warriors_FB
1660,38588,West Carrollton City,Open,3656,50.70%,917,366,35.80%,57.90%,,8 miles south of downtown Dayton,@WCFootball1
1664,25866,Western Brown Local,Open,2985,50.30%,879,346,3.10%,47.60%,,32 miles east of downtown Cincinnati,@_GoBroncos
1666,145557/008110,Cincinnati City,Open,34101,50.80%,8998,3665,75.80%,74.40%,,6 miles west of downtown Cincinnati,
1668,42333,Western Reserve Local,Open,1030,49.20%,263,107,2.60%,44.20%,,16 miles west of downtown Youngstown,
1670,42341,Western Reserve Local,Open,1030,49.20%,263,107,2.60%,44.20%,,45 miles west of downtown Cleveland,
1671,146183,Westerville City,Open,15183,51.40%,4857,1928,44.10%,34.20%,,15 miles northeast of downtown Columbus,@WCHS_Football
1672,67959,Westerville City,Open,15183,51.40%,4857,1928,44.10%,34.20%,,14 miles northeast of downtown Columbus,
1674,40675,Westerville City,Open,15183,51.40%,4857,1928,44.10%,34.20%,,13 miles northeast of downtown Columbus,@WSHSWildcatsFB
1676,40683,Westfall Local,Open,1385,52.70%,422,181,4.20%,42.50%,,24 miles southwest of downtown Columbus,@Westfall_FB
1677,13532,West Clermont Local,Open,8206,51.70%,2405,958,10.60%,28.60%,,16 miles east of downtown Cincinnati,
1678,38653,West Geauga Local,Open,1865,50.10%,675,242,18.10%,8.50%,,20 miles east of downtown Cleveland,@WestGFootball
1680,38695,West Holmes Local,Open,2164,51.40%,705,284,4.30%,38.60%,,38 miles west of downtown Canton,@WestHolmesFball
1682,38737,Jefferson Local,Open,1179,51.90%,338,140,5.50%,44.10%,,17 miles west of downtown Columbus,
1684,40758,Westlake City,Open,3518,51.40%,1188,455,18.80%,19.20%,,14 miles west of downtown Cleveland,@_DemonFootball
1686,61333,South-Western City,Open,22839,52.00%,6850,2800,39.80%,57.20%,,10 miles west of downtown Columbus,
1688,38760,West Liberty-Salem Local,Open,1167,52.60%,353,148,5.70%,21.30%,,40 miles northeast of downtown Dayton,
1690,38836,West Muskingum Local,Open,1421,51.20%,394,157,9.50%,44.80%,,49 miles east of downtown Columbus,
1696,40931,Wheelersburg Local,Open,1597,50.50%,387,152,7.30%,31.60%,,88 miles south of downtown Columbus,@BurgFball
1698,40964,Columbus City School District,Open,50304,51.40%,13226,5604,77.00%,100.00%,,8 miles northwest of downtown Columbus,@WHSBraves
1700,41020,Whitehall City,Open,3564,53.40%,876,381,74.00%,92.90%,,7 miles east of downtown Columbus,@WhitehallRamsFB
1704,41046,Washington Local,Open,7041,51.50%,2115,825,31.40%,56.60%,,7 miles northwest of downtown Toledo,@WHSPanthersFB
1706,41202,Wickliffe City,Open,1390,49.90%,443,167,21.30%,37.70%,,15 miles northeast of downtown Cleveland,@WickBDFootball
1710,41319,Willard City,Open,1530,51.00%,416,174,35.20%,59.70%,,61 miles southeast of downtown Toledo,
1712,41442,Williamsburg Local,Open,979,50.90%,288,119,5.30%,38.40%,,25 miles east of downtown Cincinnati,
1714,41558,Wilmington City,Open,2806,51.80%,845,332,16.80%,50.60%,,30 miles southeast of downtown Dayton,
1716,41723,Windham Exempted Village,Open,501,55.30%,147,60,19.20%,100.00%,,24 miles west of downtown Youngstown,
1719,64147,Winton Woods City,Open,3646,50.80%,1036,426,89.90%,65.00%,,14 miles north of downtown Cincinnati,
1720,146365,Cincinnati City,Open,34101,50.80%,8998,3665,75.80%,74.40%,,6 miles northeast of downtown Cincinnati,
1722,42044,Woodmore Local,Open,968,51.80%,284,116,12.60%,19.70%,,19 miles southeast of downtown Toledo,
1724,42051,Woodridge Local,Open,1968,52.10%,687,266,37.30%,38.60%,,10 miles north of downtown Akron,@WoodridgeFB
1728,NA,Youngstown City,????,5224,52.70%,1421,566,85.50%,100.00%,,3 miles south of downtown Youngstown,
1732,147520,Cincinnati City,Open,34101,50.80%,8998,3665,75.80%,74.40%,,8 miles northeast of downtown Cincinnati,
1734,42150,Toledo City,Open,23123,52.80%,6515,2742,65.50%,85.20%,,4 miles northeast of downtown Toledo,
1736,42218,Wooster City,Open,3545,51.10%,994,394,15.60%,45.70%,,29 miles southwest of downtown Akron,
1737,NA,Private,Open,#N/A,#N/A,#N/A,#N/A,#N/A,#N/A," $6,300 ",11 miles southeast of downtown Columbus,@HPWarriorFBall
1738,42283,Worthington City,Open,10106,51.30%,2935,1135,31.60%,23.70%,,10 miles north of downtown Columbus,@TWHSFootball
1740,NA,Private,Open,#N/A,#N/A,#N/A,#N/A,#N/A,#N/A," $9,786 ",11 miles north of downtown Columbus,
1741,112094,Worthington City,Open,10106,51.30%,2935,1135,31.60%,23.70%,,12 miles northwest of downtown Columbus,@KilbourneFB
1742,42366,Wynford Local,Open,1118,51.70%,257,110,3.50%,34.40%,,61 miles north of downtown Columbus,
1744,42382,Wyoming City,Open,1956,50.60%,646,250,24.10%,5.90%,,11 miles north of downtown Cincinnati,
1746,42408,Xenia Community City,Open,4243,52.10%,1084,466,25.90%,81.00%,,16 miles east of downtown Dayton,@xeniabucsfb
1748,NA,Yellow Springs Exempted Village,Open,735,49.80%,244,85,32.20%,34.10%,,17 miles east of downtown Dayton,
1750,42598,Zanesville City,Open,3189,50.70%,746,298,31.40%,97.70%,,52 miles east of downtown Columbus,
1751,NA,Private,Open,#N/A,#N/A,#N/A,#N/A,#N/A,#N/A," $6,780 ",5 miles south of downtown Youngstown,
1752,42572,Zane Trace Local,Open,1362,54.60%,413,181,4.60%,43.40%,,39 miles south of downtown Columbus,
1956,98590,Cincinnati City,Open,34101,50.80%,8998,3665,75.80%,74.40%,,6 miles northeast of downtown Cincinnati,
7974,62323,Cleveland Municipal,????,38666,51.60%,11963,4847,84.30%,100.00%,,9 miles southeast of downtown Cleveland,
9015,NA,Cincinnati City,Open,34101,50.80%,8998,3665,75.80%,74.40%,,4 miles west of downtown Cincinnati,
9057,145722,Cincinnati City,????,34101,50.80%,8998,3665,75.80%,74.40%,,5 miles east of downtown Cincinnati,
9272,133512,Charter,Open,935,45.90%,175,63,99.50%,100.00%,,3 miles northwest of downtown Cincinnati,
9461,9200,Cincinnati City,Open,34101,50.80%,8998,3665,75.80%,74.40%,,7 miles northwest of downtown Cincinnati,@GambleMFootball
1502,36327,Stryker Local,Open,385,48.30%,110,42,14.00%,46.80%,,48 miles west of downtown Toledo,@strykerpftball
1201,NA,Olentangy Local,Open,21002,51.00%,6184,2423,24.80%,6.30%,,21 miles north of downtown Columbus,@Berlin_Bears_FB
