,V1,V2,V3,V4,V5,V6,V7
Stadium/pages/1156.txt,Tom Benson Hall of Fame Stadium,Fawcett Stadium,"2323 17th St NW -- Canton, Ohio  44708",Canton City School District,22400,Artificial,McKinley High Bulldogs_Malone College Pioneers
Stadium/pages/1158.txt,Alumni Stadium,Holzer Field,"500 Vaughn St -- Jackson, Ohio  45640",Jackson City Schools,6000,Artificial,Jackson Ironmen
Stadium/pages/1159.txt,Portsmouth West The Rock Stadium,,"15332 US Highway 52 -- West Portsmouth, Ohio  45663",West Portsmouth Schools,3500,Grass,Portsmouth West Senators
Stadium/pages/1160.txt,Robert C. Boulton Stadium,Byers Field,"7600 Day Dr -- Parma, Ohio  44129",Parma City School District,11423,Artificial,"Parma High School,_Normandy High School,_Valley Forge High School,_St. Ignatius School"
Stadium/pages/1161.txt,Harding Stadium,Reno Field,"1952 Calvin Jones Way -- Steubenville, Ohio  43952",Steubenville City Schools,10000,Excellent,"Steubenville's Big Red,_Steubenville Catholic Central"
Stadium/pages/1162.txt,Paul Brown Tiger Stadium,,"80 Paul E Brown Dr SE -- Massillon, Ohio  44646",Massillon City Schools,16884,Excellent,Massillon Tigers
Stadium/pages/1164.txt,Fitch Falcon Stadium,,"4560 Falcon Dr -- Austintown, Ohio  44515",Austintown Local School District,10000,Artificial,Fitch Falcons
Stadium/pages/1165.txt,Stambaugh Stadium,Beede Field,"280 W Scott St -- Youngstown, Ohio  44502",Youngstown State University,20630,Artificial,"Youngstown State Penguins,_Youngstown Ursuline,_Youngstown Mooney"
Stadium/pages/1166.txt,Warren G. Harding Mollenkoff Stadium,,"860 Elm Rd Ne -- Warren, Ohio  44483",Warren City Schools,15000,Artificial,"WG Harding Raiders,_JFK Catholic Eagles"
Stadium/pages/1237.txt,John D. Sulsberger Memorial Stadium,,"1701 Blue Ave -- Zanesville, Ohio  43701",Zanesville Schools,6000,Artificial,Zanesville Blue Devils
Stadium/pages/1273.txt,Pat Catan Stadium,Serpentini Field,"20025 Lunn Rd -- Strongsville, Ohio  44149",Strongsville City School District,5200,Artificial,Strongsville High School Mustangs
Stadium/pages/1297.txt,Bob Bishop Stadium,,"700 S Woodland Ave -- Clyde, Ohio  43410",Clyde-Green Springs Exempted Village,0,Artificial,Clyde Flyers
Stadium/pages/1304.txt,Dante Lavelli Stadium,,"65 N. Hayden Pkwy -- Hudson, Ohio  44236",City of Hudson,3500,Grass,Hudson Explorers
Stadium/pages/1311.txt,Stewart Field,,"33600 Inwood Drive -- Solon, Ohio  44139",Solon City Schools,5500,Artificial,Solon Comets
Stadium/pages/1318.txt,Willard R. Stargel Stadium,,"1509 John Street -- Cincinnati, Ohio  45202",Cincinnati Public Schools,3000,Artificial,"Robert A.Taft High School Senators,_Hughes Center High School Big Red"
Stadium/pages/1469.txt,Dowed Field,,"1 Holy Cross Blvd -- Akron, Ohio  44306",Archbishop Hoban School,2500,Artificial,Archbishop Hoban Knights
Stadium/pages/1470.txt,Dublin Scioto Stadium,,"4000 Hard Road -- Dublin, Ohio  43016",Dublin City Schools,5000,Artificial,Scioto Irish
Stadium/pages/1471.txt,Cardinal Stadium,,"8801 Cheviot Road -- Cincinnati, Ohio  45251",Northwest Local School,3293,Artificial,Colerain Cardinals
Stadium/pages/1472.txt,Piqua Alexander Stadium,Purk Field,"1 Indian Trail -- Piqua, Ohio  45356",Piqua City Schools,8200,Artificial,Piqua Indians
Stadium/pages/1473.txt,Troy Memorial Stadium,,"224 W Staunton Rd -- Troy, Ohio  45373",City of Troy,10510,Grass,Troy Trojans
Stadium/pages/1474.txt,Sidney Memorial Stadium,30-0 Field,"1040 S. 4th Avenue -- Sidney, Ohio  45365",Sidney City Schools,7000,Artificial,"Sidney Yellow Jackets,_Lehman Catholic  Cavaliers"
Stadium/pages/1475.txt,Centerville Alumni Stadium,Elks Field,"500 East Franklin Street -- Centerville, Ohio  45459",Centerville City Schools,9125,Good,Centerville Elks
Stadium/pages/1476.txt,Fred C. Yager Stadium,,"5480 Morning Sun Road -- Oxford, Ohio  45056",Miami University,28000,Artificial,Miami University RedHawks
Stadium/pages/1477.txt,Portsmouth Coliseum,Trojan Field,"1149 Gallia St -- Portsmouth, Ohio  45662",Portsmouth City Schools,5500,Artificial,Portsmouth Trojans
Stadium/pages/1478.txt,Cris Carter Field at Barnitz Stadium,,"1211 S Main St -- Middletown, Ohio  45044",Middletown City Schools,9026,Artificial,Photo Credit:_Rick McCrabb_Middletown Mighty Middies
Stadium/pages/1479.txt,Ashland Community Stadium,,"1440 King Rd -- Ashland, Ohio  44805",Ashland City School District,4400,Artificial,Ashland Arrows
Stadium/pages/1480.txt,Bo Rein Memorial Stadium,Eastwood Mall Field,"616 Dragon Dr -- Niles, Ohio  44446",Niles City Schools,9718,Artificial,McKinley Red Dragons
Stadium/pages/1481.txt,Avon Lake Memorial Stadium,,"175 Avon Belden Road -- Avon Lake, Ohio  44012",Avon Local School,3154,Artificial,Avon Lake Shoreman
Stadium/pages/1482.txt,Virgil Schwarm Stadium,,"1165 Eaton Avenue -- Hamilton, Ohio  45013",Hamilton City School District,0,Artificial,Hamilton Big Blue
Stadium/pages/1483.txt,St. Xavier Stadium,Tom Ballaban Field,"600 West North Bend Road -- Cincinnati, Ohio  45224",St. Xavier High School,6713,Artificial,St. Xavier Bombers
Stadium/pages/1484.txt,Coffman Stadium,,"6780 Coffman Road -- Dublin, Ohio  43017",Dublin City Schools,8500,Artificial,Dublin Shamrocks
Stadium/pages/1485.txt,Dublin Jerome High School Stadium,,"8300 Hyland Croy Rd -- Dublin, Ohio  43016",Dublin City Schools,5000,Artificial,Jerome Celtics
Stadium/pages/1486.txt,Whitmer Memorial Stadium,,"5601 Clegg Dr. -- Toledo, Ohio  43613",Washington Local School District,8000,Excellent,Whitmer Panthers
Stadium/pages/1487.txt,The Pit,,"3900 Vincent Ave -- Cincinnati, Ohio  45205",Elder High School,10000,Artificial,Elder Panthers
Stadium/pages/1488.txt,Blue Streaks Stadium,Alumni Field,"1025 Lake Center Street -- Uniontown, Ohio  44685",Lake Local Schools,6000,Artificial,Lake Blue Streaks
Stadium/pages/1489.txt,Leopard Stadium,,"606 South St. -- Louisville, Ohio  44641",Louisville City School District,5800,Artificial,Louisville Leopards
Stadium/pages/1490.txt,Spartan Stadium,,"7777 Glenwood Ave -- Boardman, Ohio  44512",Boardman High School,7500,Artificial,Boardman Spartans
Stadium/pages/1491.txt,Cavalier Stadium,,"480 Butler St -- Coldwater, Ohio  45828",Coldwater Exempted Village,3500,Grass,Coldwater Cavaliers
Stadium/pages/1492.txt,Central Catholic Stadium,Lowell Klinefelter Field,"1 -- Canton, Ohio  44708",Central Catholic High School,5000,Artificial,Central Catholic Crusaders
Stadium/pages/1493.txt,Jack Mollenkopf Stadium,,"301 Morrison Drive -- Toledo, Ohio  43605",Toledo City Schools,8000,Grass,Waite Indians
Stadium/pages/1494.txt,Atrium Stadium,Dwire Field,"694 S Mason-Montgomery Rd -- Mason, Ohio  45040",Mason City School,6000,Artificial,Mason Comets
Stadium/pages/1495.txt,Jack Ryan Field,,"1285 Zettler Road -- Columbus, Ohio  43227",Bishop Hartley High School,3600,Artificial,Bishop Hartley Hawks
Stadium/pages/1498.txt,Rossiaky Stadium,,"484 East Ave -- Tallmadge, Ohio  44278",Tallmadge City School District,2000,Grass,Tallmadge Bule Devils
Stadium/pages/1499.txt,Sparky DiBiasio Stadium,,"22800 Tracy Ave -- Euclid, Ohio  44123",Euclid City Schools,3800,Grass,"Euclid Panthers,_Villa Angela Saint Joseph"
Stadium/pages/1500.txt,Ironton Tanks Memorial Stadium,Bob Lutz Field,"1701 S. 7th Street -- Ironton, Ohio  45638",Ironton City Schools,3400,Grass,Ironton Fighting Tigers
Stadium/pages/1501.txt,Reilly Stadium,,"491 Reilly Avenue -- Salem, Ohio  44460",Salem City School,4220,Artificial,Salem Quakers
Stadium/pages/1502.txt,Heidkamp Stadium,Good Samaritan Athletic Field,"5400 Chambersburg Rd -- Huber Heights, Ohio  45424",Huber Heights City Schools,6800,Artificial,Wayne Warriors
Stadium/pages/1503.txt,Jack Lambert Stadium,,"1000 Ma St 3 -- Mantua, Ohio  44255",Crestwood Local School District,2300,Grass,Crestwood Rd Devils
Stadium/pages/1504.txt,Don Paul Stadium,Harmon Field,"1072 Miller St. -- Fremont, Ohio  43420",Fremont Schools,3400,Artificial,"Fremont Ross Little Giants,_St. Joseph Central Catholic Crimson Streak"
Stadium/pages/1505.txt,Clinton Heacock Stadium,,"14277 Main St. -- Beloit, Ohio  44609",West Branch School District,4000,Grass,Photo Credit:_flickr.com/Sykotyk/sets/_West Branch Warriors
Stadium/pages/1506.txt,Robert Fife Stadium,,"7355 Mudbrook Drive NW -- Massillon, Ohio  44646",Jackson Local Schools,5000,Artificial,Jackson Polar Bears
Stadium/pages/1507.txt,Charles L. Brown Stadium,,"7560 Forest Road -- Cincinnati, Ohio  45255",Forest Hills Local Schools,2882,Artificial,Anderson Redskins
Stadium/pages/1508.txt,Mount Union Stadium,,"480 West Hartshorn Street -- Alliance, Ohio  44601",University of Mount Union,5611,Fair,"Mount Union Raiders,_Alliance Aviators"
Stadium/pages/1509.txt,Fred Brideweser Stadium,,"11885 Navarre Road SW -- Navarre, Ohio  44662",Fairless Local School District.,3000,Grass,Fairless Falcon
Stadium/pages/1510.txt,GlenOak Stadium,Bob Commings Field,"1801 Schneider Street NE -- Canton, Ohio  44721",Plain Local School District,6000,Artificial,GlenOak Golden Eagles
Stadium/pages/1511.txt,Hines Stadium,,"501 Stadium St -- Minerva, Ohio  44657",Minerva Local School District,5000,Artificial,Minerva Lions
Stadium/pages/1512.txt,Dr. Martin Smilek Stadium,,"8574 Erie Avenue North -- Canal Fulton, Ohio  44614",Northwest  Schools,3500,Artificial,Northwest Indians
Stadium/pages/1513.txt,Clyde Brechbuhler Stadium,,"600 SE Faircrest St -- Canton, Ohio  44707",Canton Local Schools,3500,Grass,Canton South Wildcats
Stadium/pages/1514.txt,Sirpilla Field,,"2121 Reno Drive N.E. -- Louisville, Ohio  44641",St. Thomas Aquinas,1667,Artificial,St. Thomas Aquinas Knights
Stadium/pages/1515.txt,William E. Kurtz Stadium,,"1847 Manchester Ave.  Northwest -- Massillon, Ohio  44647",Tuslaw Schools,3000,Grass,Tuslaw Mustangs
Stadium/pages/1517.txt,Lakeside Stadium,,"6600 Sanborn Rd. -- Ashtabula, Ohio  44004",Ashtabula Area City Schools,5000,Artificial,"Lakeside Dragons,_St John & Paul Heralds"
Stadium/pages/1518.txt,Falcon Pride Stadium,,"207 W Mulberry St -- Jefferson, Ohio  44047",Jefferson Area Local Schools,5000,Artificial,Jefferson Falcons
Stadium/pages/1519.txt,Reid Memorial Stadium,,"150 W. Grant St. -- East Palestine, Ohio  44413",East Palestine City Schools,4500,Artificial,East Palestine Bulldogs
Stadium/pages/1520.txt,"Robert ""Bump"" Taylor Field",,"12269 Arlington Ave. -- Cleveland, Ohio  44101",Cleveland Metropolitan School District,1378,Artificial,Glenville Tarblooders
Stadium/pages/1521.txt,Collinwood Athletic Complex,Collinwood Field / The Rail Yard,"1100 E 152nd St -- Cleveland, Ohio  44110",Cleveland Public Parks District,3600,Artificial,Collinwood Railroaders
Stadium/pages/1523.txt,First Federal Lakewood Stadium,,"14100 Franklin Boulevard -- Lakewood, Ohio  44107",Lakewood City School District,6800,Artificial,"Lakewood Rangers,_St. Edward Eagles"
Stadium/pages/1524.txt,Coughlin Field,,"13500 Detroit Avenue -- Lakewood, Ohio  44107",St. Edward High School,800,Artificial,
Stadium/pages/1525.txt,Rocky River Stadium,,"20951 Detroit Road -- Rocky River, Ohio  44116",Rocky River City,3017,Artificial,Rocky River Pirates
Stadium/pages/1526.txt,Gilmour Stadium,,"34001 Cedar Road -- Gates Mills, Ohio  44040",Gilmour Academy,1800,Artificial,Gilmour Lancers
Stadium/pages/1527.txt,Bearcat Stadium,Stewart Field,"481 Northfield Road -- Bedford, Ohio  44146",Bedford City School District,5000,Artificial,"Bedford Bearcats,_Trinity I Bedford Heights,_Cleveland Benedictine,_Garfield Heights Trinity Trojans"
Stadium/pages/1528.txt,Fairview Stadium,,"4507 W. 213th -- Fairview Park, Ohio  44126",Fairview Park,5000,Artificial,Fairview Warriors
Stadium/pages/1530.txt,CS Harris Stadium,,"400 East Washington Street -- Chagrin Falls, Ohio  44022",Chagrin Falls Village Schools,3800,Artificial,Photo Credit:_flickr.com/Sykotyk/sets/_Chagrin Falls Tigers
Stadium/pages/1531.txt,Brecksville-Broadview Stadium,,"6380 Mill Road -- Broadview Heights, Ohio  44147",Brecksville - Broadview Heights City School District,3000,Artificial,Brecksville-Broadview Heights Bees HS
Stadium/pages/1532.txt,Korb Field,,"4875 Glenlyn Road -- Lyndhurst, Ohio  44124",South Euclid-Lyndhurst School District,3000,Artificial,Brush Arcs
Stadium/pages/1533.txt,Walton Stadium,,"1220 County Line Rd -- Gates Mills, Ohio  44026",Hawken School,1850,Artificial,Gates Mills Hawken School
Stadium/pages/1535.txt,Mayfield Muncipal Stadium,,"6116 Wilson Mills Road -- Mayfield Village, Ohio  44143",Mayfield City Schools,3300,Artificial,Mayfield Wildcats
Stadium/pages/1536.txt,Community Stadium,,"9500 Bainbridge Road -- Chagrin Falls, Ohio  44023",Kenston Local Schools,5000,Artificial,Kenston Bombers
Stadium/pages/1537.txt,Ralph P. Adams Stadium,,"4820 East 71st Street -- Cuyahoga Heights, Ohio  44125",Cuyahoga Heights Local School District,2400,Artificial,Photo Credit:_Behnke Landscape Architecture_Cuyahoga Heights Redskins
Stadium/pages/1538.txt,Chardon Memorial Field,,"151 Chardon Ave -- Chardon, Ohio  44024",Chardon Local Schools,3500,Artificial,Chardon Hilltoppers
Stadium/pages/1539.txt,Jerome T. Osborne Sr. Stadium,,"8620 Munson Rd -- Mentor, Ohio  44060",Mentor Public Schools,7333,Artificial,"Mentor Cardinals,_Lake Catholic Cougars"
Stadium/pages/1541.txt,Dave Pavlansky Field,,"3199 Dobbins Road -- Poland, Ohio  44514",Poland Local Schools District,5754,Artificial,Poland Seminary Bulldogs_Youngstown Christian Eagles
Stadium/pages/1542.txt,Canfield High School Stadium,,"100 Cardinal Drive -- Canfield, Ohio  44406",Canfield Local School District,3040,Artificial,Canfield Cardinals
Stadium/pages/1543.txt,Ken Dukes Stadium,,"777 E. Union St. -- Medina, Ohio  44256",Medina City Schools,5467,Artificial,Medina Bees
Stadium/pages/1544.txt,Gene Clark Stadium,,"8525 Friendsville Road -- Lodi, Ohio  44254",Cloverleaf Local Schools,3000,Artificial,Cloverleaf Colts
Stadium/pages/1545.txt,Judy Kirsch Field,,"3581 Center Road -- Brunswick, Ohio  44212",Brunswick City School District,7500,Artificial,Brunswick Blue Devils
Stadium/pages/1546.txt,Veterans Stadium,Inkstop Field,"109 W. Pioneer Trail -- Aurora, Ohio  44202",Aurora City Schools,5520,Artificial,Aurora Greenmen
Stadium/pages/1547.txt,Portage Community Bank Stadium,Gilcrest Field,"6592 N. Chestnut St. -- Ravenna, Ohio  44266",Ravenna School District,5000,Artificial,Ravenna Ravens
Stadium/pages/1549.txt,Green Street Stadium,John Cistone Field,"15 North Maple Street -- Akron, Ohio  44303",St. Vincent-St. Mary High School,3000,Artificial,St. Vincent-St. Mary HS Irish
Stadium/pages/1550.txt,Tiger Stadium,,"10394 Ravenna Road -- Twinsburg, Ohio  44087",Twinsburg City Schools,5749,Artificial,Photo Credit:_flickr.com/Sykotyk/sets/_Twinsburg Tigers
Stadium/pages/1551.txt,Memorial Stadium,,"1737 Steese Rd -- Green, Ohio  44685",Green Local Schools,8380,Artificial,Green Bulldogs
Stadium/pages/1552.txt,Revere Stadium,,"3420 Everett Rd -- Richfield, Ohio  44286",Revere Local School District,3040,Artificial,Revere Minutemen
Stadium/pages/1553.txt,Copley-Fairlawn Stadium,,"3807 Ridgewood Road -- Copley, Ohio  44321",Copley-Fairlawn City Schools,2500,Artificial,Copley Indians
Stadium/pages/1555.txt,Western Reserve Game Stadium,,"115 College Street -- Hudson, Ohio  44236",Western Reserve Academy,800,Artificial,Western Reserve Pioneers
Stadium/pages/1556.txt,William Boliantz Stadium,,"8006 South Bedford Road -- Macedonia, Ohio  44056",Nordonia Hills City School District,5000,Artificial,Nordonia Knights
Stadium/pages/1557.txt,Arrowhead Stadium,,"200 S. Highland Ave -- Girard, Ohio  44420",Girard City Schools,4000,Artificial,Photo Credit:_flickr.com/Sykotyk/sets/_Girard High School
Stadium/pages/1558.txt,CVCA Stadium,,"4687 Wyoga Lake Rd -- Stow, Ohio  44224",Cuyahoga Valley Christian Academy,1400,Grass,Cuyahoga Valley Royals
Stadium/pages/1559.txt,Coventry Veteran's Memorial Stadium,,"1135 Portage Lakes Drive -- Akron, Ohio  44319",Coventry Local Schools,1600,Grass,Coventry Comets
Stadium/pages/1560.txt,McFarren Field,,"126 School Dr -- Dalton, Ohio  44618",Dalton Local Schools,2267,Grass,Dalton Bulldogs
Stadium/pages/1561.txt,Follis Field,Follis Field,"515 Oldman Rd -- Wooster, Ohio  44691",Wooster City Schools,8000,Artificial,Wooster Generals
Stadium/pages/1562.txt,Garaway Stadium,,"307 Dover St NW -- Sugarcreek, Ohio  44681",Garaway Local Schools,1800,Grass,Garaway Pirates
Stadium/pages/1570.txt,Lemaster Stadium,Patterson Field,"1 Hornet Lane -- Coal Grove, Ohio  45638",Dawson-Bryant Local Schools,2500,Artificial,Dawson- Bryant Coal Grove Hornets
Stadium/pages/1571.txt,Redman Stadium,The Hill,"2325A County Road 26 -- Ironton, Ohio  45638",Rockhill School District,5700,Artificial,Rockhill Redmen
Stadium/pages/1602.txt,Cardinal Field,,"901 E Monroe St -- New Bremen, Ohio  45869",New Breman Local Schools,3500,Grass,New Bremen Cardinals
Stadium/pages/1613.txt,Sam Hatfield Stadium,,"360 Cedar Street -- Duncan Falls, Ohio  43734",Franklin Local Schools,3000,Artificial,Philo Electrics
Stadium/pages/1624.txt,Hudson Memorial Stadium,,"7230 Stow Road -- Hudson, Ohio  44236",Hudson City School District,6000,Artificial,Hudson Explorers
Stadium/pages/1627.txt,James VanDeGrift Stadium,Atrium Field,"160 Miller Road -- Lebanon, Ohio  45036",Lebanon City School,2500,Artificial,Lebanon Warriors
Stadium/pages/1633.txt,Red Rider Stadium,Serpentini Field,"841 North Ella St -- Orrville, Ohio  44667",Orrville City Schools,3500,Artificial,Orrville Red Riders
Stadium/pages/1644.txt,White Field,,"70 North 11th Street -- Newark, Ohio  43055",Newark City Schools,3000,Grass,Newark Wildcats_Newark Catholic Green Wave
Stadium/pages/1645.txt,Crater Stadium,,"803 East 7th Street -- Dover, Ohio  44622",Dover City Schools,4000,Grass,Dover Tornados
Stadium/pages/1658.txt,Red Knight Stadium,Clarke Hinkle Field,"N. River Ave -- Toronto, Ohio  43964",Toronto City School District,2000,Grass,Toronto Red Knights
Stadium/pages/1674.txt,Charles A. Henry Field,,"11715 Garfield Rd -- Hiram, Ohio  44234",Hiram College,2500,Good,Hiram College Football
Stadium/pages/1683.txt,Carter Stadium,,"34041  Stevens Boulevard -- Eastlake, Ohio  44095",Willoughby-Eastlake School District,3500,Grass,Eastlake North Rangers
Stadium/pages/1684.txt,Braves Stadium,,"4405 Scenic Drive -- Clintonville, Ohio  43214",Columbus City Schools,3000,Grass,Whetstone Braves
Stadium/pages/1685.txt,Mike Hagley Field,,"100 Arcadia Avenue -- Columbus, Ohio  43214",Columbus City Schools,3850,Grass,Bishop Watterson Eagles
Stadium/pages/1702.txt,Cartwright Memorial Field,,"9890 Ohio 152 -- Richmond, Ohio  43944",Edison Local School District,4200,Grass,Photo Credit:_flickr.com/Sykotyk/sets/_Edison Wildcats
Stadium/pages/1705.txt,Memorial Stadium,Kalahari Field,"710 Cleveland Road West -- Huron, Ohio  44839",Huron City School District,1500,Good,Photo Credit:_Huron City School District_Huron Tigers
Stadium/pages/1737.txt,Logan Chieftain Stadium,The Chief,"14470 St. Rt. 328 -- Logan, Ohio  43138",Logan Hocking School District,5800,Excellent,Photo Credit:_Google_Logan Chieftains Varsity Football
Stadium/pages/1741.txt,Charles A. Blaugrund Field,,"4900 Turney Rd -- Garfield  Heights, Ohio  44125",Garfield Hts City Schools,3500,Grass,
Stadium/pages/1759.txt,Campbell Memorial Stadium,John Knapick Field,"280 6th Street -- Campbell, Ohio  44405",Campbell City Schools,7200,Grass,Photo Credit:_flickr.com/Sykotyk/sets/_Campbell Memorial Red Devils
Stadium/pages/1760.txt,Purple Rider Stadium,,"400 North 1st Street -- Martins Ferry, Ohio  43935",Martins Ferry City Schools,5550,Artificial,Purple Riders
Stadium/pages/1763.txt,R Basil Rutter Field,,"1 High School Road -- The Plains, Ohio  45701",Athens City School  District,3500,Artificial,Athens Bulldogs
Stadium/pages/1764.txt,Memorial Stadium,,"430 Wise Ave NE -- North Canton, Ohio  44720",North Canton City Schools,8000,Artificial,Hoover Vikings
Stadium/pages/1765.txt,Stadium Park,,"1101 North Jefferson Street -- Delphos, Ohio  45833",City of Delphos,3900,Grass,Delphos St. John's High School_Delphos Jefferson High School
Stadium/pages/1766.txt,Joe Firment Chevrolet Stadium,,"3075 Stoney Ridge Road -- Avon, Ohio  44011",Avon Local SD,4500,Artificial,Avon Eagles
Stadium/pages/1767.txt,Tiger Stadium,,"1 Tiger Trail -- Loveland, Ohio  45140",Loveland City Schools,3000,Artificial,Loveland City Schools
Stadium/pages/1768.txt,Gallagher Stadium,,"2550 Cherry St. -- Toledo, Ohio  43608",Central Catholic,7000,Artificial,Central Catholic Fighting Irish
Stadium/pages/1769.txt,Spartan Municipal Stadium,,"56 James St -- Portsmouth, Ohio  45662",City of Portsmouth,6529,None,Photo Credit:_Aerial Agents_Notre Dame Titans
Stadium/pages/1770.txt,FirstEnergy Stadium,,"100 Alfred Lerner Way -- Cleveland, Ohio  44114",City of Cleveland,67431,Grass,Photo Credit:_Aerial Agents
Stadium/pages/1771.txt,Ohio Stadium,,"411 Woody Hayes Drive -- Columbus, Ohio  43210",Ohio State,104944,Artificial,Ohio State Buckeyes
Stadium/pages/1772.txt,Dix Stadium,,"2227 Summit Road -- Kent, Ohio  44240",Kent State University,25319,Artificial,Golden Flashes
Stadium/pages/1773.txt,Rayen Stadium,Jack Antonucci Field,"1903 Cordova Ave -- Youngstown, Ohio  44504",Youngstown City Schools,6000,Good,Youngstown East Panthers
Stadium/pages/1779.txt,Perry Stadium,,"3737 13th Street SW -- Massillon, Ohio  44646",Perry Local Schools,6700,Excellent,Perry Panthers
Stadium/pages/1780.txt,Fairfield Stadium,,"Stadium Dr -- Fairfield, Ohio  45014",Fairfield City School District,4400,Artificial,Photo Credit:_Fairfield City School District_Fairfield Indians
Stadium/pages/1781.txt,Clay Memorial Stadium,Ted Federici Field,"5665 Seamen Road -- Oregon, Ohio  43616",Oregon City Schools,5500,Artificial,Oregon Clay High School Eagles_Oregon Cardinal Stritch High School Cardinals
Stadium/pages/1782.txt,Arlin Field,Tyger Stadium,"933 W. 4th St. -- Mansfield, Ohio  44906",Mansfield City Schools,12000,Artificial,Mansfield Senior High Tygers
Stadium/pages/1783.txt,Perkins Field,,"875 National Rd -- Bridgeport, Ohio  43912",Bridgeport School District,2000,Grass,Photo Credit:_flickr.com/Sykotyk/sets/_Bridgeport Bulldogs
Stadium/pages/1784.txt,Blue Devil Stadium,,"52682 Ohio Ave -- Beallsville, Ohio  43716",Switzerland of Ohio School District,1000,Grass,Photo Credit:_flickr.com/Sykotyk/sets/_Beallsville Blue Devils
Stadium/pages/1785.txt,Shaw Stadium,,"14305 Shaw Ave. -- East Cleveland, Ohio  44112",East Cleveland City Schools,10000,Grass,Photo Credit:_flickr.com/Sykotyk/sets/_East Cleveland Shaw Cardinals
Stadium/pages/1786.txt,Art Wright Stadium,,"185 Grandview Avenue -- Wadsworth, Ohio  44281",Wadsworth City School District,7300,Artificial,Wadsworth Grizzlies
Stadium/pages/1787.txt,Maysville Athletic Complex,The M.A.C,"3725 Panther Drive -- Zanesville, Ohio  43701",Maysville Local School District,5000,Artificial,Maysville Panthers
Stadium/pages/1788.txt,Woody Hayes Quaker Stadium,,"150 Wabash Avenue Northwest -- New Philadelphia, Ohio  44663",City of New Philadelphia,4400,Artificial,New Philadelphia Quakers
Stadium/pages/1789.txt,Ely Stadium,,"2000 West Ave -- Elyria, Ohio  44035",Elyria City School District,6000,Grass,Elyria Pioneers
Stadium/pages/1790.txt,Russell H. Rupp Field,,"15911 Aldersyde D -- Shaker Heights, Ohio  44120",Shaker Heights City School District,2600,Artificial,Shaker Heights Raiders
Stadium/pages/1792.txt,Ranger Stadium,,"34600 Bainbridge Rd -- North Ridgeville, Ohio  44039",North Ridgeville City Schools,4500,Excellent,North Ridgeville Rangers
Stadium/pages/1793.txt,Alumni Stadium,,"4212 Karl Road -- Columbus, Ohio  43224",Roman Catholic Diocese of Columbus,7000,Artificial,St Francis DeSales Stallions
Stadium/pages/1795.txt,Beachwood High School Stadium,Under Renovation,"25100 Fairmount Blvd. -- Beachwood, Ohio  44122",Beachwood City Schools,750,Grass,Beachwood Bison
Stadium/pages/1796.txt,R. A. Greig Field,,"329 Vine St -- Fairport Harbor, Ohio  44077",Fairport Harbor Exempted Village School District,990,Fair,Fairport Skippers
Stadium/pages/1798.txt,Cedar Point Stadium,Strobel Field,"2118 Camp St -- Sandusky, Ohio  44870",Sandusky City Schools,5600,Artificial,Sandusky Blue Streaks_St. Mary CC Panthers
Stadium/pages/1800.txt,Viking Stadium,Mancuso Field,"11262 Chester Rd -- Cincinnati, Ohio  45246",Princeton School District,5100,Artificial,Princeton Vikings
Stadium/pages/1801.txt,Spartan Stadium,,"100 Calumet Ave -- Lima, Ohio  45804",Lima City School District School District,5000,Artificial,Lima Spartans
Stadium/pages/1802.txt,Fayetteville Field,,"501 S Apple St -- Fayetteville, Ohio  44805",Fayetteville-Perry Local Schools,330,Grass,Fayetteville Rockets
Stadium/pages/1803.txt,Kibler Stadium,LaRosa Field,"476 W Main St -- Mount Orab, Ohio  45154",Western Brown Local Schools,1600,Artificial,Mount Orab Broncos
Stadium/pages/1804.txt,Warrior Stadium,,"207 Scio Road Southwest -- Carrollton, Ohio  44615",Carrollton EVSD,2700,Artificial,Carrollton Warriors
Stadium/pages/1805.txt,Dallas Stadium,,"7800 W. US Hwy 36 -- St. Paris, Ohio  43072",Graham Local Schools,2900,Grass,Photo Credit:_Graham Local Schools_Graham Falcons
Stadium/pages/1806.txt,Hillclimbers Stadium,,"500 Washington Ave -- Urbana, Ohio  43078",Urbana City Schools,2500,Grass,Urbana Hillclimbers
Stadium/pages/1807.txt,Tiger Stadium,,"7208 US Hwy 68 N -- West Liberty, Ohio  43357",West Liberty-Salem Local School District,1600,Grass,
Stadium/pages/1808.txt,Hubbard Memorial Stadium,Alumni Field,"200 Rebecca Avenue SE -- Hubbard, Ohio  44425",Hubbard Exempted Village SD,5000,Artificial,Hubbard Eagles
Stadium/pages/1809.txt,Triad Cardinals Stadium,,"8099 Brush Lake Rd. -- North Lewisburg, Ohio  43060",Triad Local,1100,Grass,Triad Cardinals
Stadium/pages/1810.txt,Dave Long Memorial Stadium,,"1675 East Possum Road -- Springfield, Ohio  45502",Clark-Shawnee Local Schools,2267,Artificial,Shawnee Braves
Stadium/pages/1812.txt,Glen Este Trojans Stadium,,"4342 Glen Este-Withamsville Road -- Cincinnati, Ohio  45245",West Clermont Local School District,1867,Artificial,Glen Este Trojans
Stadium/pages/1813.txt,Paul Brown Stadium,,"1 Paul Brown Stadium -- Cincinnati, Ohio  45202",Hamilton County,65515,Artificial,Photo Credit:_TYSTO_Cincinnati Bengals
Stadium/pages/1814.txt,David W. Hansbarger Stadium,,"601 N Main St -- Swanton, Ohio  43558",Swanton Local Schools,2100,Grass,Swanton Bulldogs
Stadium/pages/1817.txt,Lutheran High East Field,,"3565 Mayfield Rd -- Cleveland Heights, Ohio  44118",Lutheran High East School,200,Grass,Lutheran East Falcons
Stadium/pages/1820.txt,Edward T. Adelsberg Stadium,Ross Field,"38199 W Capel Rd -- Grafton, Ohio  44044",MIdview Local School District,4000,Artificial,Midview Middies
Stadium/pages/1823.txt,Roye Kidd Field,,"17100 Harvard Ave -- Cleveland, Ohio  44110",Cleveland Metropolitan School District,2553,Artificial,JFK Eagles
Stadium/pages/1826.txt,James F. Rhodes Field,,"5100 Biddulph Ave
5100 Biddulph Ave -- Cleveland, Ohio  44144",Cleveland Metropolitan School District,4300,Artificial,James Ford Rhodes Rams
Stadium/pages/1830.txt,Hilltop Cadet Stadium,,"507 North Main Street -- West Unity, Ohio  43570",Millcreek-West Unity Local Schools,1000,Grass,Hilltop Cadets
Stadium/pages/1831.txt,Alumni Field,,"300 Richardson Place -- Wilmington, Ohio  45177",Wilmington City Schools,1822,Artificial,Wilmington Hurricanes
Stadium/pages/1832.txt,Williams Stadium,,"1870 Quaker Way -- Wilmington, Ohio  45177",Wilmington College,3500,Artificial,Wilmington College Quakers
Stadium/pages/1833.txt,East Clinton Field,,"174 Larrick Road -- Sabina, Ohio  45169",East Clinton Local Schools,1497,Grass,East Clinton Astros
Stadium/pages/1835.txt,Stewart Field,,"286 S Water St -- Coshocton, Ohio  43812",Coshocton City School,2768,Artificial,Photo Credit:_Coshocton City School_Coshocton Redskins
Stadium/pages/1836.txt,Buckeye Field,,"938 South Kibler St -- New Washington, Ohio  44854",Buckeye Central Local School District,1439,Grass,Buckeye Central Buckeye's
Stadium/pages/1837.txt,Galion High School Football Field,,"472 Portland Way North -- Galion, Ohio  44833",Galion City School District,2375,Grass,Galion Tigers
Stadium/pages/1838.txt,Ansonia Tiger Field,,"600 E. Canal St. -- Ansonia, Ohio  45303",Ansonia Local Schools,1257,Grass,Ansonia Tigers
Stadium/pages/1839.txt,Arcanum-Butler School Athletic Field,,"N Walnut St -- Arcanum, Ohio  45304",Arcanum-Butler Local School District,1400,Grass,Arcanum Trojans
Stadium/pages/1840.txt,Good Samaritan Stadium at Harmon Field,,"100 Green Wave Way -- Greenville, Ohio  45331",Greenville City Schools,3000,Fair,Photo Credit:_Tyler Davis_The Green Wave
Stadium/pages/1841.txt,Mississinawa Valley Blackhawk Field,,"10480 Staudt Road -- Union City, Ohio  45390",Mississinawa Valley School District,867,Grass,Mississinawa Valley Blackhawks
Stadium/pages/1842.txt,Tri-Village Patriot Field,,"315 South Main Street -- New Madison, Ohio  45346",Tri-Village School District,100,Grass,Tri-Village Patriots
Stadium/pages/1843.txt,H.B Hole Field,,"459 S Center St -- Versailles, Ohio  45380",Versailles Exempted Village Schools,2953,Grass,Versailles Tigers
Stadium/pages/1845.txt,Greyhound Field,,"130 Wayne Frye Drive -- Manchester, Ohio  45144",Manchester Local Schools,500,Grass,Manchester Greyhounds
Stadium/pages/1846.txt,Fred J. Brown Athletic Complex,,"1755 Palmer -- Defiance, Ohio  43512",Defiance City Schools,4500,Grass,Defiance Bulldogs
Stadium/pages/1847.txt,Miami Trace Stadium,,"3722 OH-41 -- Washington C.H, Ohio  43160",Miami Trace Local Schools,3648,Grass,Miami Trace Panthers
Stadium/pages/1848.txt,River Valley Stadium,,"299 Heatley Rd -- Bidwell, Ohio  45614",Gallia County Local Schools,1259,Grass,River Valley Raiders
Stadium/pages/1849.txt,Miami Valley Hospital Stadium,at Frank Zink Field,"2660 Dayton-Xenia Road -- Beavercreek, Ohio  45434",Beavercreek City School District,4464,Artificial,Beavercreek Beavers
Stadium/pages/1850.txt,Eugene Capers Field,,"58615 Marietta Rd -- Byesville, Ohio  43723",Rolling Hills Local Schools,2500,Artificial,Meadowbrook Colts
Stadium/pages/1851.txt,Acadia Field,,"19033 SR 12 -- Arcadia, Ohio  44804",Arcadia Local Schools,980,Grass,Arcadia Redskins
Stadium/pages/1852.txt,Robinson Field,,"300 Oriental -- Kenton, Ohio  43326",Kenton City Schools,3987,Grass,Photo Credit:_Toby Steinman_Kenton Wildcats
Stadium/pages/1853.txt,Conotton Valley Field,,"7205 Cumberland Rd SW -- Bowerston, Ohio  44695",Conotton Valley Union Local Schools,945,Grass,Photo Credit:_flickr.com/Sykotyk/sets/_Conotton Valley High Rockets Rockets
Stadium/pages/1854.txt,Liberty Center Field,,"103 W. Young Street -- Liberty Center, Ohio  43532",Liberty Center Local Schools,1600,Grass,Liberty Center Tigers
Stadium/pages/1855.txt,Hillsboro Stadium,,"550 US 62 South -- Hillsboro, Ohio  45133",Hillsboro City Schools,2200,Grass,Hillsboro Indians
Stadium/pages/1856.txt,West Holmes Stadium,,"10909 State Route 39 -- Millersburg, Ohio  44654",West Holmes Local School,2500,Grass,Photo Credit:_West Holmes Local School_West Holmes Knights
Stadium/pages/1857.txt,Fredericktown Field,,"111 Stadium Dr -- Fredericktown, Ohio  43019",Fredericktown Local Schools,1926,Grass,Fredericktown Freddies
Stadium/pages/1858.txt,Western Reserve Stadium,,"3841 U.S. Route 20 East -- Collins, Ohio  44826",Western Reserve Local Schools,1447,Grass,Western Reserve Rough Riders
Stadium/pages/1859.txt,Benjamin Logan Field,,"6609 State Rt. 47 -- Bellefontaine, Ohio  43311",Benjamin Logan Local Schools,2608,Grass,Benjamin Logan Raiders
Stadium/pages/1860.txt,Kile Field,,"1 Roughrider Dr -- West Jefferson, Ohio  43162",West Jefferson Local Schools,2846,Grass,West Jefferson Roughriders
Stadium/pages/1861.txt,Harding Field,,"538 Presidential Dr -- Marion, Ohio  43302",Marion City Schools,2842,Grass,Harding Presidents
Stadium/pages/1862.txt,Meigs Field,,"42091 Pomeroy Pike -- Pomeroy, Ohio  45769",Meigs Local Schools,2162,Grass,Meigs Marauders
Stadium/pages/1863.txt,Fairbanks Field,,"11158 S.R. 38 -- Milford Center, Ohio  43045",Fairbanks Local School District,1233,Grass,Fairbanks Panthers
Stadium/pages/1864.txt,Buckeye Valley Field,,"901 Coover Road -- Delaware, Ohio  43015",Buckeye Valley Local Schools,2600,Grass,Photo Credit:_Buckeye Valley Local Schools_Buckeye Valley
Stadium/pages/1865.txt,Morgan High Stadium,,"800 Raider Drive -- McConnelsville, Ohio  43756",Morgan Local School District,1744,Grass,Morgan  Raiders
Stadium/pages/1866.txt,Cardington-Lincoln Field,,"349 Chesterville Ave -- Cardington, Ohio  43315",Cardington-Lincoln Local Schools,1418,Grass,Cardington Pirates
Stadium/pages/1867.txt,Shenandoah Zeps Field,,"49346 Seneca Lake Rd. -- Sarahsville, Ohio  43779",Noble Local Schools,1741,Grass,Shenandoah Zeps
Stadium/pages/1868.txt,Genoa Area Field,,"2980 N. Genoa-Clay Center Rd. -- Genoa, Ohio  43430",Genoa Area Schools,2102,Grass,Genoa Comets
Stadium/pages/1869.txt,Wayne Trace Field,,"4915 US 127 -- Haviland, Ohio  45851",Wayne Trace Local Schools,2942,Grass,Wayne Trace Raiders
Stadium/pages/1870.txt,Jim Rockwell Stadium,,"592 Orchard Ave -- New Lexington, Ohio  43764",New Lexington City Schools,1875,Artificial,New Lexington Panthers
Stadium/pages/1871.txt,Logan Elm Field,,"9575 Tarlton Rd -- Circleville, Ohio  43113",Logan Elm Local Schools,3215,Grass,Logan Elm Braves
Stadium/pages/1872.txt,"Waverly ""Tiger Town"" Stadium",,"409 East 2nd Street -- Waverly, Ohio  45690",Waverly City Schools,2598,Artificial,Waverly Tigers
Stadium/pages/1873.txt,Preble Shawnee Field,,"5495 Somers-Gratis Road -- Camden, Ohio  45311",Preble Shawnee High School Arrows,1598,Grass,Preble Shawnee Arrows
Stadium/pages/1874.txt,Clymer Stadium,,"123 W Pendleton St -- Columbus Grove, Ohio  45830",Columbus Grove Local Schools,1929,Grass,Columbus Grove Bulldogs
Stadium/pages/1875.txt,Marlington Stadium,,"10320 Moulin Avenue -- Alliance, Ohio  44601",Marlington Local Schools,2676,Artificial,Marlington Dukes
Stadium/pages/1876.txt,Obadiah Harris Family Athletic Complex,Herrnstein Field,"345 Arch St -- Chillicothe, Ohio  45601",Chillicothe City School District,3516,Artificial,Chillicothe Cavaliers
Stadium/pages/1877.txt,Seneca East Stadium,,"13343 US-224 -- Attica, Ohio  44807",Seneca East Local Schools,1775,Grass,Seneca East Tigers
Stadium/pages/1878.txt,Vinton County Stadium,,"63910 US-50 -- McArthur, Ohio  45651",Vinton County Local Schools,2758,Grass,Vinton Vikings
Stadium/pages/1879.txt,Ralph Holder Stadium,,"612 3rd St -- Belpre, Ohio  45714",Belpre City Schools,1940,Grass,Belpre Eagles
Stadium/pages/1881.txt,Bobcat Stadium,,"530 W Poe Rd, -- Bowling Green, Ohio  43402",Bowling Green City Schools,2248,Grass,Bowling Green Bobcats
Stadium/pages/1882.txt,Doyt L. Perry Stadium,,"1600 Stadium Dr. -- Bowling Green, Ohio  43403",Bowling Green State University,24000,Good,Bowling Green Falcons
Stadium/pages/1883.txt,Mohawk Warriors Stadium,,"605 State Highway 231 -- Sycamore, Ohio  44882",Mohawk Local Schools,2386,Grass,Mohawk Warriors
Stadium/pages/1884.txt,Smith Field,,"807 Chestnut Street -- Covington, Ohio  45318",Covington Exempted Village,1500,Good,Covington Buccs
Stadium/pages/1885.txt,UH St. John Medical Center Stadium,Lou Duchez Field,"27830 Hilliard Blvd -- Westlake, Ohio  44145",Westlake City School District,5457,Good,Westlake Demons
Stadium/pages/1886.txt,Betz Memorial Stadium,,"3200 Ebenezer Rd -- Cincinnati, Ohio  45248",Oak Hills School District,4153,Artificial,Photo Credit:_https://twitter.com/OhioStadiums_Oak Hill Highlanders
Stadium/pages/1887.txt,Celina Stadium,,"585 E. Livingston Street -- Celina, Ohio  45822",Celina City Schools,4808,Grass,Celina  Bulldogs
Stadium/pages/1888.txt,Wally Post Athletic Complex,,"4824 OH-119 -- St. Henry, Ohio  45883",St Henry Consolidated Local Schools,2769,Grass,Saint Henry Redskins
Stadium/pages/1889.txt,Fort Recovery Stadium,,"230 William St -- Fort Recovery, Ohio  45846",Fort Recovery Local Schools,2347,Grass,Fort Recovery Indians
Stadium/pages/1890.txt,Panther Stadium,,"400 Buckeye Street -- Rockford, Ohio  45882",Parkway Local Schools,1939,Grass,Parkway Panthers
Stadium/pages/1891.txt,Booster Field,,"7956 State Route 119 -- Maria Stein, Ohio  45860",Marion Local Schools,2275,Grass,Marion Local High School Flyers
Stadium/pages/1892.txt,Goodwin Field,,"9105 Harding Hwy -- Harrod, Ohio  45850",Allen East Local Schools,1982,Artificial,Allen East Mustangs
Stadium/pages/1895.txt,Bath High School Stadium,,"2850 Bible Rd. -- Lima, Ohio  45801",Bath Local Schools,3215,Grass,Bath Wildcats
Stadium/pages/1896.txt,Harmon Field,,"125 E College Ave -- Bluffton, Ohio  45817",Bluffton Exempted Village,1851,Grass,Bluffton Pirates
Stadium/pages/1897.txt,Salzman Stadium,Alumni Field,"1 University Dr -- Bluffton, Ohio  45817",Bluffton University,2600,Artificial,Bluffton University Beavers
Stadium/pages/1898.txt,Kraft Memorial Stadium,,"101 East North St -- Elida, Ohio  45807",Elida Local Schools,4200,Fair,Eiida Bulldogs
Stadium/pages/1899.txt,Shawnee Stadium,,"3255 Zurmehly Road -- Lima, Ohio  45806",Shawnee Local School District,3905,Grass,Shawnee Indians
Stadium/pages/1900.txt,Memorial Field,,"500 School St -- Spencerville, Ohio  45887",Spencerville Local Schools,2005,Grass,Spencerville Bearcats
Stadium/pages/1901.txt,Falcon Field,,"485 TWP Road 1902 -- Jeromesville, Ohio  44840",Hillsdale Local Schools,1774,Grass,Hillsdale Falcons
Stadium/pages/1902.txt,Red Bird Stadium,,"421 Campus Avenue -- Loudonville, Ohio  44842",Loudonville-Perrysville Local Schools,2147,Grass,Loudonville Red Birds
Stadium/pages/1903.txt,Mapleton Mounties Field,,"1 Mountie Drive -- Ashland, Ohio  44805",Mapleton Local Schools,1366,Grass,Mapleton Mounties
Stadium/pages/1904.txt,Memorial Field,,"100 East 7th St -- Minster, Ohio  45865",Minster Local Schools,3000,Grass,Minster Wildcats
Stadium/pages/1905.txt,Medina Buckeye Stadium,,"3084 Columbia Rd. -- Medina, Ohio  44256",Buckeye Local Schools,547,Grass,Buckeye Bucks
Stadium/pages/1906.txt,Art Teynor Field,,"777 3rd St NE -- New Philadelphia, Ohio  44663",Central Catholic High School,1153,Grass,Tuscarawas Central Catholic Saints
Stadium/pages/1907.txt,Corlew Stadium,,"3436 Edgewood Drive -- Ashtabula, Ohio  44004",Buckeye Local Schools,2166,Grass,Photo Credit:_flickr.com/Sykotyk/sets/_Edgewood Warrior
Stadium/pages/1908.txt,Joslin Field,,"201 Stadium Avenue -- Conneaut, Ohio  44030",Conneaut Area City Schools,2569,Grass,Photo Credit:_flickr.com/Sykotyk/sets/_Conneaut Spartans
Stadium/pages/1910.txt,Mustang Stadium,,"111 Grand Valley Ave. -- Orwell, Ohio  44076",Grand Valley Local Schools,1982,Grass,Grand Valley Mustangs
Stadium/pages/1911.txt,Laker Stadium,,"5571 US-6 -- Andover, Ohio  44003",Pymatuning Valley Local Schools,1200,Grass,Pymatuning Valley Lakers
Stadium/pages/1912.txt,Alexander Spartans Stadium,,"6125 School Road -- Albany, Ohio  45710",Alexander Local Schools,1406,Grass,Alexander Spartans
Stadium/pages/1913.txt,Federal Hocking Lancers,,"8461 State Route 144 -- Stewart, Ohio  45778",Federal Hocking Local Schools,1508,Grass,Federal Hocking Lancers
Stadium/pages/1914.txt,Boston Field at Nelsonville - York High School,,"2 Buckeye Dr -- Nelsonville, Ohio  45764",Nelsonville-York City Schools,2827,Artificial,Nelsonville-York Buckeyes
Stadium/pages/1915.txt,Glouster Stadium,,"One Tomcat Drive -- Glouster, Ohio  45732",Trimble Local Schools,1073,Grass,Trimble Tomcats
Stadium/pages/1917.txt,Harmon Field,,"400 W Harrison St -- Wapakoneta, Ohio  45895",Wapakoneta City Schools,4870,Artificial,Wapakoneta Redskins
Stadium/pages/1918.txt,Tiger Field,The Jungle,"500 N. Westminster St -- Waynesfield, Ohio  45896",Waynesfield-Goshen Local Schools,1200,Grass,Waynesfield Goshen Tiger
Stadium/pages/1919.txt,Hornet Stadium,,"310 Browning Ct. -- East Canton, Ohio  44730",Osnaburg Local Schools,1520,Grass,East Canton Hornets
Stadium/pages/1920.txt,Sandy Valley Stadium,,"5130 State Route 183 NE -- Magnolia, Ohio  44643",Sandy Valley Local Schools,1825,Grass,Sandy Valley Cardinals
Stadium/pages/1921.txt,Shamrock Stadium,,"Stadium Dr -- Barnesville, Ohio  43713",Barnesville Exempted Village Schools,2131,Grass,Barnesville Shamrocks
Stadium/pages/1922.txt,Big Reds Stadium,Nelson Field,"349 26th Street -- Bellaire, Ohio  43906",Bellaire Local Schools,4500,Grass,Bellaire Big Reds
Stadium/pages/1923.txt,Fleming Field,,"3890 Lincoln Ave -- Shadyside, Ohio  43947",Bellaire Local Schools,2415,Grass,Shadyside Tigers
Stadium/pages/1924.txt,Red Devil Stadium,,"102 Woodrow Ave. -- St. Clairsville, Ohio  43950",St Clairsville-Richland City Schools,3599,Artificial,St Clairsville Red Devils
Stadium/pages/1925.txt,Union Local Football Stadium,,"66779 Belmont Morristown Road -- Belmont, Ohio  43718",Union Local schools,2496,Grass,Union Local Jets
Stadium/pages/1926.txt,AA Burkey Memorial Stadium,,"600 Iowa Avenue -- McDonald, Ohio  44437",McDonald Local Schools,1834,Grass,McDonald Blue Devils
Stadium/pages/1927.txt,Kumler Field,,"5005 St. Rt. 73 -- Trenton, Ohio  45067",Edgewood City,3064,Artificial,Edgewood Cougars
Stadium/pages/1928.txt,Lakota East Stadium,,"6840 Lakota Ln -- Liberty Township, Ohio  45044",Lakota Local Schools,3824,Artificial,Lakota East Thunderhawks
Stadium/pages/1929.txt,Lakota West Stadium,,"8940 Union Centre Blvd. -- West Chester Township
West Chester, Ohio  45069",Lakota Local Schools,3824,Artificial,Lakota West Firebirds
Stadium/pages/1930.txt,Blue Streaks Stadium,,"3100 Burns Rd -- Madison, Ohio  44057",Madison Local Schools (Lake),3136,Grass,Madison Blue Streaks
Stadium/pages/1931.txt,Monroe Hornets Stadium,,"220 Yankee Road -- Monroe, Ohio  45050",Monroe Local School District,5086,Artificial,Monroe Hornets
Stadium/pages/1933.txt,Leopard Stadium,,"1 Leopard Way -- Youngstown, Ohio  44505",Liberty Local Schools,3000,Grass,Liberty Leopards
Stadium/pages/1934.txt,InfoCision Stadium,Summa Field,"375 E Exchange St -- Akron, Ohio  44304",University of Akron,30000,Artificial,The University of Akron - Zips
Stadium/pages/1935.txt,Griffin Stadium,,"1040 Copley Rd -- Akron, Ohio  44320",Akron City Schools,1754,Grass,Photo Credit:_flickr.com/Sykotyk/sets/_Buchtel Griffins
Stadium/pages/1936.txt,Clifford Stadium,,"2300 4th Street -- Cuyahoga Falls, Ohio  44221",Cuyahoga Falls Ciity Schools,7381,Grass,Photo Credit:_Matt Nye_Cuyahoga Falls Black Tiger
Stadium/pages/1940.txt,James R. France Stadium,,"6075 Manchester Rd -- Akron, Ohio  44319",Manchester Local Schools,1985,Grass,Manchester Panthers
Stadium/pages/1941.txt,Wildcat Stadium,,"3875 Curtis St -- Mogadore, Ohio  44260",Mogadore Local Schools,2187,Grass,Mogadore Wildcats
Stadium/pages/1942.txt,Norton High School Stadium,,"3930 Cleveland Massillon Rd -- Barberton, Ohio  44203",Norton City Schools,2500,Artificial,Norton Panthers
Stadium/pages/1943.txt,Springfield Community Stadium,,"11335 Youngstown Pittsburgh Rd -- New Middletown, Ohio  44442",Springfield Local Schools,3182,Grass,Springfield Tigers
Stadium/pages/1944.txt,Bulldog Stadium,Ron Marhofer Auto Family Field,"3227 Graham Rd -- Stow, Ohio  44224",Stow-Munroe Falls City Schools,4706,Artificial,Stow-Munroe Falls Bulldogs
Stadium/pages/1946.txt,New Miami Vikings Stadium,,"600 7 Mile Ave -- Hamilton, Ohio  45011",New Miami Local Schools,839,Grass,New Miami Vikings
Stadium/pages/1947.txt,Ross Ram Stadium,,"3601 Hamilton Cleves Road -- Hamilton, Ohio  45013",Ross Local Local School District,1938,Grass,Ross Rams
Stadium/pages/1948.txt,Talawanda High School Stadium,Home of the Braves,"5301 University Park Blvd -- Oxford, Ohio  45056",Talawanda City School District,3100,Artificial,Talawanda Braves
Stadium/pages/1949.txt,Malvern Hornets Stadium,,"Village Park -- Malvern, Ohio  44644",Brown Local Schools,1237,Grass,Malvern Hornets
Stadium/pages/1950.txt,Mechanicsburg Indian Stadium,,"60 High Street -- Mechanicsburg, Ohio  43044",Mechanicsburg Local School District,1739,Grass,Mechanicsburg Indians
Stadium/pages/1951.txt,Welcome Stadium,Kettering Health Network Field,"1601 S Edwin C Moses Blvd -- Dayton, Ohio  45417",Dayton Public Schools,11000,Artificial,"Belmont Bison,_Dunbar Wolverines,_Meadowdale Lions,_Thurgood Marshall Cougars"
Stadium/pages/1952.txt,AccuSport Stadium,,"555 East  Lake Avenue -- Bellefontaine, Ohio  43311",Bellefontaine city Schools,4068,Artificial,Bellefontaine Chieftains
Stadium/pages/1953.txt,Greenon Stadium,,"3950 South Tecumseh Road -- Springfield, Ohio  45502",Greenon Local Schools,2897,Grass,Greenon Knights
Stadium/pages/1954.txt,Kenton Ridge Stadium,Richard E. Phillips Field,"4444 Middle Urbana Road -- Springfield, Ohio  45503",Northeastern Local Schools,2230,Grass,Kenton Ridge Cougars
Stadium/pages/1955.txt,Northeastern Jets Stadium,,"1480 Bowman Road -- Springfield, Ohio  45502",Northeastern Local Schools,1651,Grass,Northeastern Jets
Stadium/pages/1956.txt,Taylor Field,,"5780 Troy Road -- Springfield, Ohio  45502",Northwestern Local Schools,2601,Grass,Northwest Warriors
Stadium/pages/1957.txt,Southeastern Stadium,,"2003 Lancaster Rd -- Chillicothe, Ohio  45601",Southeastern Local School District,1495,Grass,Southeastern Panthers
Stadium/pages/1958.txt,Springfield Wildcat Stadium,,"701 E Home Rd -- Springfield, Ohio  45503",Springfield City Schools,4856,Grass,Springfield Wildcats
Stadium/pages/1959.txt,Evans Stadium,,"1700 Clifton Ave -- Springfield, Ohio  45505",Springfield City School District,5241,Artificial,Springfield Wildcats
Stadium/pages/1960.txt,Spitzer Stadium,,"9760 W National Rd -- New Carlisle, Ohio  45344",Tecumseh Local Schools,4733,Grass,Tecumseh Arrows
Stadium/pages/1961.txt,Bay Memorial Stadium,,"29230 Wolf Rd -- Bay Village, Ohio  44140",Bay Villiage City School District,4187,Artificial,Bay Rockets
Stadium/pages/1962.txt,George Finnie Stadium,,"141 E Bagley Rd -- Berea, Ohio  44017",Baldwin-Wallace University,7740,Artificial,Baldwin Wallace University Yellow Jackets_Berea-Midpark Titans
Stadium/pages/1965.txt,Brooklyn Stadium,,"4480 Ridge Road -- Brooklyn, Ohio  44144",Brooklyn City Schools,3113,Artificial,Photo Credit:_Aerial Agents_Brooklyn Hurricanes
Stadium/pages/1966.txt,Stan Skoczen Stadium,Alumni Field,"6001 Archwood Rd -- Independence, Ohio  44131",Independence Local Schools,1682,Artificial,Independence Blue Devils
Stadium/pages/1967.txt,Maple Heights Stadium,,"One Mustang Way -- Maple Heights, Ohio  44137",Maple Heights City Schools,5000,Artificial,Photo Credit:_flickr.com/Sykotyk/sets/_Maple Heights Mustangs
Stadium/pages/1969.txt,Serpentini Chevrolet Stadium,Gibson Field,"14713 Ridge Road -- North Royalton, Ohio  44133",North Royalton Local Schools,5000,Artificial,North Royalton Bears_Holy Name Green Wave
Stadium/pages/1970.txt,Bulldog Stadium,,"26939 Bagley Road -- Olmsted Falls, Ohio  44138",Olmsted Falls City Schools,4359,Grass,Olmsted Falls Bulldogs
Stadium/pages/1971.txt,Orange Lion Stadium,Lions Den,"32000 Chagrin Blvd -- Pepper Pike, Ohio  44124",Orange City School District,2947,Artificial,Orange Lions
Stadium/pages/1972.txt,Spartans Field,,"447 Richmond Road -- Richmond Heights, Ohio  44143",Richmond Heights Local Schools,1281,Grass,Richmond Heights Spartans
Stadium/pages/1973.txt,Tiger Stadium,,"4270 Northfield Road -- Warrensville Heights, Ohio  44128",Warrensville Heights City Schools,2453,Grass,Warrensville Heights Tigers
Stadium/pages/1974.txt,Holman Stadium,,"1 Bulldog Place -- Batavia, Ohio  45103",Batavia Local Schools,2285,Grass,Batavia Bulldogs
Stadium/pages/1975.txt,Tiger Stadium,,"3420 State Route 125 -- Bethel, Ohio  45106",Bethel-Tate Local Schools,2292,Grass,Bethel Tate Tigers
Stadium/pages/1976.txt,Clermont Northeastern  Rockets Stadium,,"5327 Hutchinson Rd. -- Batavia, Ohio  45103",Clermont Northeastern Schools,1350,Grass,Clermont Northeastern  Rockets
Stadium/pages/1977.txt,Jim Brown Stadium,,"6707 Goshen Rd -- Goshen, Ohio  45122",Goshen Local School District,4641,Artificial,Goshen Warriors
Stadium/pages/1978.txt,Eagle Stadium,,"1 Eagles Way -- Milford, Ohio  45150",Milford Exempted Village School District,3195,Artificial,Milford Eagles
Stadium/pages/1979.txt,New Richmond Football Stadium,,"1131 Bethel-New Richmond Road -- New Richmond, Ohio  45157",New Richmond Schools,3084,Artificial,New Richmond Lions
Stadium/pages/1980.txt,Williamsburg Wildcats Stadium,,"500 S. 5th Street -- Williamsburg, Ohio  45176",Williamsburg Local Schools,1132,Grass,Williamsburg Wildcats
Stadium/pages/1981.txt,Harry Yeaggy Family Stadium,,"8351 Plainfield Road -- Cincinnati, Ohio  45236",Deer Park Community City Schools,1893,Artificial,Deer Park Wildcat
Stadium/pages/1982.txt,McNulty Stadium,,"8916 Fontainebleau Terrace -- Cincinnati, Ohio  45231",Finneytown Local School District,1953,Grass,Finneytown Wildcats
Stadium/pages/1983.txt,Tomahawk Stadium,,"6865 Drake Rd., -- Cincinnati, Ohio  45243",Indian Hill Exempted Village School District,1883,Artificial,Indian Hill Braves
Stadium/pages/1985.txt,Roettger Stadium,Grein Field,"122 Anna Street -- Lockland, Ohio  45215",Lockand School District,4070,Artificial,Lockland Panthers
Stadium/pages/1986.txt,Madeira Stadium,,"7465 Loannes Drive -- Cincinnati, Ohio  45243",Madeira City Schools,1971,Artificial,Madeira Mustangs
Stadium/pages/1987.txt,Kusel Stadium,,"2 Warrior Way -- Cincinnati, Ohio  45227",Mariemont City Schools,1965,Artificial,Mariemont Warriors
Stadium/pages/1988.txt,Mount Healthy Stadium,,"8101 Hamilton Ave -- Cincinnati, Ohio  45231",Mount Healthy City Schools,3278,Artificial,Mount Healthy Fighting Owls
Stadium/pages/1989.txt,Northwest Knights Stadium,,"10761 Pippin Road -- Cincinnati, Ohio  45231",Northwest Local School,2700,Artificial,Northwest Knights
Stadium/pages/1990.txt,Shea Stadium,,"2603 Harris Ave -- Norwood, Ohio  45212",Norwood City Schools,5128,Artificial,Photo Credit:_Aerial Agents_Northwood Rangers
Stadium/pages/1991.txt,William Henry Harrison Stadium,,"9860 West Rd -- Harrison, Ohio  45030",Southwest Local Schools,2539,Grass,Harrison Wildcats
Stadium/pages/1992.txt,Sycamore Stadium,Coach Bud Acus Alumni Field,"5758 Cooper Rd -- Cincinnati, Ohio  45242",Sycamore Community City Schools,1851,Artificial,Sycamore Aviators
Stadium/pages/1993.txt,Taylor Stadium,,"56 Cooper Ave -- Cleves, Ohio  45002",Three Rivers Local School District,2474,Artificial,Taylor Yellow Jackets
Stadium/pages/1994.txt,Winton Woods Stadium,,"1231 West Kemper Road -- Cincinnati, Ohio  45240",Winton Woods City Schools,3766,Artificial,Winton Woods Warriors
Stadium/pages/1995.txt,Bob Lewis Stadium,Bernie Barre Field,"106 Pendery Ave -- Wyoming, Ohio  45215",Wyoming City Schools,2051,Artificial,Wyoming Cowboys
Stadium/pages/1996.txt,Memorial Stadium,,"211 S. Jefferson St. -- West Milton, Ohio  45383",Milton-Union Exempted Village Schools,2500,Grass,Milton-Union Bulldogs
Stadium/pages/1997.txt,Blanchester Wildcat Stadium,,"953 Cherry Street -- Blanchester, Ohio  45107",Blanchester Local Schools,1242,Grass,Blanchester Wildcats
Stadium/pages/1998.txt,Clinton-Massie Falcons Football Field,,"2556 Lebanon Rd. -- Clarksville, Ohio  45113",Clinton-Massie Local School District,1818,Artificial,Clinton-Massie Falcons
Stadium/pages/1999.txt,Beaver Local Stadium,,"13187 OH-7 -- Lisbon, Ohio  44432",Beaver Local Schools,2000,Grass,Beavers
Stadium/pages/2000.txt,Firestone Park Football Field,,"338 E Park Ave -- Columbiana, Ohio  44408",Columbiana Exempted Village Schools,1818,Grass,Columbiana Clippers
Stadium/pages/2001.txt,Crestview Football Field,,"44100 Crestview Rd -- Columbiana, Ohio  44408",Crestview Local School District,1935,Grass,Crestview Rebels
Stadium/pages/2002.txt,Patterson Field,,"820 W 8th St -- East Liverpool, Ohio  43920",East Liverpool City Schools,6147,Grass,Photo Credit:_flickr.com/Sykotyk/sets/_East Liverpool Potters
Stadium/pages/2003.txt,Leetonia Stadium,,"450 Walnut St -- Leetonia, Ohio  44431",Leetonia Exempted Village School District,2012,Grass,Leetonia Bears
Stadium/pages/2004.txt,Memorial Stadium,,"260 West Pine St. -- Lisbon, Ohio  44432",Lisbon Exempted Village Schools,2107,Grass,Lisbon Blue Devils
Stadium/pages/2005.txt,Southern Indian Stadium,,"38095 OH-39 Scenic -- Salineville, Ohio  44432",Southern Local Schools,2000,Artificial,Southern Indians
Stadium/pages/2006.txt,United Eagles Stadium,,"8143 OH-9 -- Hanoverton, Ohio  44423",United Local Schools,1693,Grass,United Local Eagles
Stadium/pages/2007.txt,Wellsville Tiger Stadium,,"1 Bengal Boulevard -- Wellsville, Ohio  43968",Wellsville Local Schools,1938,Grass,Wellsville Tiger
Stadium/pages/2008.txt,Ridgewood Generals Stadium,,"River View Local -- West Lafayette, Ohio  43845",Ridgewood Local School District,2533,Grass,Ridgewood Generals
Stadium/pages/2009.txt,River View Black Bear Stadium,,"26496 St Rt 60 N -- Warsaw, Ohio  43844",River View Local Schools,2929,Grass,River View Black Bears
Stadium/pages/2010.txt,Craig McCord Field,,"28046 Watson Road -- Defiance, Ohio  43512",Ayersvile Local Schools,1862,Grass,Ayersville Pilots
Stadium/pages/2011.txt,Apache Stadium,,"06289 U.S. Highway 127 -- Sherwood, Ohio  43556",Central Local Schools,2132,Grass,Fairview Apaches
Stadium/pages/2012.txt,Hicksville Aces Stadium,,"598 N Bryan St -- Hicksville, Ohio  43526",Hicksville Exempted Village School,1755,Grass,Hicksville Aces
Stadium/pages/2013.txt,Kenton Ridge High School Stadium,,"1414 Bowman Road -- Springfield, Ohio  45502",Northeastern Local Schools,2501,Grass,Kenton Ridge Cougars
Stadium/pages/2014.txt,Tinora Ram Stadium,,"5921 Domersville Rd -- Defiance, Ohio  43512",Northeastern Local Schools (Defiance),2856,Grass,Tinora Rams
Stadium/pages/2016.txt,Bucyrus Redman Field,,"900 W Perry St -- Bucyrus, Ohio  44820",Bucyrus City Schools,2119,Grass,Bucyrus Redman
Stadium/pages/2017.txt,H. J. Gary Field,,"2303 State Route 602 -- North Robinson, Ohio  44856",Colonel Crawford Local Schools,1951,Grass,Colonel  Crawford Eagles
Stadium/pages/2018.txt,Hutson Stadium,,"435 Oldfield Road -- Crestline, Ohio  44827",Crestline Exempted Village School,1128,Grass,Crestline Bulldogs
Stadium/pages/2019.txt,Royals Stadium,Wynford Field,"3288 Holmes Center Rd. -- Bucyrus, Ohio  44820",Wynford Local Schools,1800,Artificial,Wynford Royals
Stadium/pages/2020.txt,J.C Donnell Memorial Stadium,,"375 Baldwin Ave -- Findley, Ohio  45840",Findlay City Schools,6653,Artificial,Findley Trojans
Stadium/pages/2021.txt,Liberty-Benton Eagles Stadium,,"9190 County Road 9 -- Findley, Ohio  45840",Liberty-Benton Local Schools,2471,Grass,Liberty-Benton Eagles
Stadium/pages/2022.txt,Big Walnut Stadium,,"555 S Old 3C Rd
555 S Old 3C Rd -- Sunbury, Ohio  43074",Big Walnut Local Schools,3247,Grass,Big Walnut Eagles
Stadium/pages/2023.txt,Cornell Stadium,,"289 Euclid Ave. -- Delaware, Ohio  43015",Delaware City Schools,1696,Artificial,Hayes Pacers
Stadium/pages/2024.txt,Olentangy Braves Stadium,,"675 Lewis Center Rd -- Lewis Center, Ohio  43035",Olentangy Local Schools,5634,Artificial,Olentangy Braves
Stadium/pages/2025.txt,Olentangy Patriot Stadium,,"3584 Home Rd -- Powell, Ohio  43065",Olentangy Local Schools,5634,Artificial,Liberty Patriots
Stadium/pages/2026.txt,Olentangy Orange Stadium,,"2840 E Orange Rd -- Lewis Center, Ohio  43035",Olentangy Local Schools,5634,Artificial,Olentangy Orange Pioneers
Stadium/pages/2027.txt,Vermilion Sailor Field,,"1250 Sanford St. -- Vermilion, Ohio  44089",Vermilion Local Schools,4153,Grass,Vermilion Sailors
Stadium/pages/2028.txt,True Lay Stadium,Bassett Field,"601 Fremont Rd. -- Port Clinton, Ohio  43452",Port Clinton Local Schools,2371,Artificial,Port Clinton Redskins
Stadium/pages/2029.txt,Firelands Regional Medical Center Field,,"3714 Campbell St -- Sandusky, Ohio  44870",Perkins Local Schools,4029,Artificial,Perkins Pirates
Stadium/pages/2030.txt,George Daniel Field,,"2601 Oberlin Ave. -- Lorain, Ohio  44052",Lorain City Schools,5602,Grass,Lorain Titans
Stadium/pages/2031.txt,Bellevue Athletic Facility,First National Bank Field,"200 Oakland Ave. -- Bellevue, Ohio  44811",Bellevue City Schools,4000,Good,Bellevue Redmen
Stadium/pages/2032.txt,Edison Charger Stadium,,"2603 State Rte 113 East -- Milan, Ohio  44846",Edison Local School District,2458,Grass,Edison Chargers
Stadium/pages/2033.txt,Margaretta High School Stadium,,"209 Lowell St -- Castalia, Ohio  44824",Margaretta Local School District,2855,Grass,Margaretta Polar Bears
Stadium/pages/2034.txt,The Pit,,"328 East Main Street -- Amanda, Ohio  43102",Amanda-Clearcreek Local Schools,2035,Grass,Amanda Clearcreek Aces
Stadium/pages/2035.txt,Van Schoyck Field,,"506 N Main St, -- Sugar Grove, Ohio  43155",Berne Union Local Schools,1537,Grass,Berne Union Rockets
Stadium/pages/2036.txt,Carl Fell Stadium,,"5240 Plum Rd -- Carroll, Ohio  43112",Bloom-Carroll Local Schools,2524,Artificial,Bloom-Carroll Bulldogs
Stadium/pages/2037.txt,Fairfield Union Football Field,,"6675 Cincinnati-Zanesville Road NE -- Lancaster, Ohio  43130",Fairfield Union Local School District,3176,Grass,Fairfield Union
Stadium/pages/2038.txt,Fulton Field,,"Arbor Valley Dr -- Lancaster, Ohio  43130",Lancaster City Schools,6119,Grass,Lancaster Golden Gales
Stadium/pages/2039.txt,Liberty Union Lions Football Field,,"500 Washington Street -- Baltimore, Ohio  43105",Liberty Union-Thurston Local Schools,1986,Grass,Liberty Union Lions
Stadium/pages/2040.txt,Tiger Stadium,,"130 Hill Rd S -- Pickerington, Ohio  43147",Pickerington Local School District,3662,Grass,Pickerington Tigers
Stadium/pages/2041.txt,Panther Stadium,,"7800 Refugee Road -- Pickerington, Ohio  43147",Pickerington Local School District,3822,Grass,Pickerington North  Panthers
Stadium/pages/2042.txt,Millersport Football Field,,"11850 Lancaster St -- Millersport, Ohio  43046",Walnut Township Local Schools,1172,Grass,Millersport Lakers
Stadium/pages/2043.txt,Gardner Park,,"207 W Circle Ave -- Washington Court House, Ohio  43160",Washington Court House City Schools,3682,Grass,Washington Blue Lions
Stadium/pages/2044.txt,Bexley High School Stadium,,"326 S Cassingham Rd -- Bexley, Ohio  43209",Bexley City Schools,2742,Artificial,Bexley Lions
Stadium/pages/2045.txt,Mike Locke Stadium,Weiser Field,"300 Washington Street -- Canal Winchester, Ohio  43110",Canal Winchester Local Schools,2743,Artificial,Canal Winchester Indians
Stadium/pages/2046.txt,Gahanna Lions Stadium,,"140 S Hamilton Rd -- Gahanna, Ohio  43230",Gahanna-Jefferson City Schools,7186,Artificial,Gahanna Lions
Stadium/pages/2047.txt,Bobcat Stadium,Anderson Field,"1587 West Third Ave -- Columbus, Ohio  43212",Grandview Heights City Schools,1361,Artificial,Grandview Heights Bobcats
Stadium/pages/2048.txt,Cruisers Stadium,,"4475 S. Hamilton Rd. -- Groveport, Ohio  43125",Groveport Madison Local School,5163,Grass,Groveport Madison Cruisers
Stadium/pages/2049.txt,Hamilton Rangers Stadium,,"1105 Rathmell Rd -- Hamilton, Ohio  43207",Hamilton Local Schools,3937,Artificial,Hamilton Rangers
Stadium/pages/2050.txt,Hilliard Bradley Stadium,,"2800 Walker Road -- Hilliard, Ohio  43026",Hilliard City Schools,5675,Artificial,Hilliard Bradley Jaguars
Stadium/pages/2051.txt,Hilliard Darby Stadium,,"4200 Leppert Road -- Hilliard, Ohio  43026",Hilliard City Schools,5675,Grass,Hilliard Darby Panthers
Stadium/pages/2052.txt,Hilliard Davidson Stadium,,"5100 Davidson Road -- Hilliard, Ohio  43026",Hilliard City Schools,5675,Grass,Hilliard Davidson Panthers
Stadium/pages/2053.txt,Glenwood Stadium,,"Glenwood -- Canton, Ohio  44721",Plain Local Schools,4607,Artificial,Glenwood Eagles
Stadium/pages/2054.txt,Reynoldsburg Stadium,,"6699 E. Livingston Ave -- Reynoldsburg, Ohio  43068",Reynoldsburg City Schools,6648,Artificial,Reynoldsburg Raiders
Stadium/pages/2055.txt,Central Crossing Stadium,,"4500 Big Run South Road -- Grove City, Ohio  43123",South-Western City Schools,6286,Grass,Central Crossing Comets
Stadium/pages/2056.txt,Franklin Heights Stadium,,"1001 Demorest Road -- Columbus, Ohio  43204",South-Western City Schools,3250,Grass,Franklin Heights Falcons
Stadium/pages/2057.txt,Westland Stadium,,"146 Galloway Road -- Galloway, Ohio  43119",South-Western City Schools,4222,Grass,Westland Cougars
Stadium/pages/2058.txt,Marv Moorhead Memorial Stadium,,"1650 Ridgeview Road -- Upper Arlington, Ohio  43221",Upper Arlington City Schools,8161,Artificial,Upper Arlington Golden Bears
Stadium/pages/2059.txt,Westerville Central Stadium,,"7118 Mount Royal Ave. -- Westerville, Ohio  43082",Westerville City Schools,5710,Artificial,Westerville Central Warhawks
Stadium/pages/2060.txt,Westerville North Stadium,,"950 County Line Rd. -- Westerville, Ohio  43081",Westerville City Schools,5269,Artificial,Westerville North Warriors
Stadium/pages/2061.txt,Westerville South Stadium,,"303 S. Otterbein Ave. -- Westerville, Ohio  43081",Westerville City Schools,4181,Artificial,Westerville South Wildcats
Stadium/pages/2062.txt,Mike Ferguson Field,,"675 S.Yearling Rd. -- Whitehall, Ohio  43213","Whitehall City Schools
Whitehall City Schools",4947,Grass,Whitehall-Yearling Rams
Stadium/pages/2063.txt,Thomas Worthington Stadium,,"300 West Granville Road -- Worthington, Ohio  43085",Worthington City Schools,4860,Artificial,Thomas Worthington Cardinals
Stadium/pages/2064.txt,Worthington Kilbourne Stadium,,"1499 Hard Rd. -- Columbus, Ohio  43235",Worthington City Schools,4406,Artificial,Worthington Kilbourne Wolves
Stadium/pages/2065.txt,Archbold Bluestreak Stadium,,"600 Lafayette St -- Archbold, Ohio  43502",Archbold-Area Local Schools,2523,Grass,Photo Credit:_Matt Nye_Archbold BlueStreaks
Stadium/pages/2066.txt,Pifer Field,,"14544 County Road 6 -- Metamora, Ohio  43540",Evergreen Local Schools,2185,Artificial,Evergreen Vikings
Stadium/pages/2067.txt,Delta Stadium,,"605 Taylor Street -- Delta, Ohio  43515",Pike-Delta-York Schools,3217,Grass,Delta  Panthers
Stadium/pages/2068.txt,Wauseon Stadium,,"840 Parkview Street -- Wauseon, Ohio  43567",Wauseon Schools,2785,Grass,Photo Credit:_Matt Nye_Wauseon Indians
Stadium/pages/2069.txt,Gallia Academy Field,,"2855 Centenary Road -- Gallipolis, Ohio  45631",Gallipolis City Schools,150,Grass,Gallia Academy Blue Devils
Stadium/pages/2070.txt,Dr. William A. Reed Field,,"14510 North Cheshire Street -- Burton, Ohio  44021",Berkshire Local Schools,200,Grass,Berkshire Badgers
Stadium/pages/2071.txt,Cardinal Huskies Football Field,,"14785 Thompson Ave. -- Middlefield, Ohio  44062",Cardinal Local Schools,1469,Grass,Cardinal Huskies
Stadium/pages/2072.txt,Newbury Stadium,,"14775 Auburn Rd -- Newbury, Ohio  44065",Newbury Local Schools,1366,Grass,Newbury Black Knights
Stadium/pages/2073.txt,Howell Field,,"13401 Chillicothe Road -- Chesterland, Ohio  44026",West Geauga Local Schools,2289,Artificial,West Geauga Wolverines
Stadium/pages/2074.txt,Cedarville Field,,"248 N Main St, -- Cedarville, Ohio  45314",Cedar Cliff Local Schools,1111,Grass,Cedarville Indians
Stadium/pages/2075.txt,Memorial Stadium,,"900 E Dayton Yellow Springs Rd -- Fairborn, Ohio  45324",Fairborn City Schools,1864,Grass,Fairborn Skyhawks
Stadium/pages/2076.txt,Doug Adams Stadium,,"506 Dayton Ave -- Xenia, Ohio  45385",Xenia Community City Schools,4782,Artificial,Xenia  Buccaneers
Stadium/pages/2079.txt,Miami Valley South Stadium,,"3737 Upper Bellbrook Road -- Bellbrook, Ohio  45305",Bellbrook - Sugarcreek Local School District,3564,Artificial,Bellbrook Golden Eagles
Stadium/pages/2080.txt,McFarland Stadium,,"1201 Clairmont Ave -- Cambridge, Ohio  43725",City of Cambridge,4000,Grass,Cambridge Bobcats
Stadium/pages/2081.txt,Buckeye Trail Warrior Stadium,,"65555 Wintergreen Road -- Lore City, Ohio  43755",East Guernsey Local Schools,1732,Grass,Buckeye Trail Warriors
Stadium/pages/2082.txt,Castor Field,,"336 S Main St -- Arlington, Ohio  45814",Arlington Local Schools,1322,Grass,Photo Credit:_Kathy Smith_Arlington Red Devils
Stadium/pages/2083.txt,Spike Berry Field,,"3930 County Road 26 -- Rawson, Ohio  45881",Cory-Rawson Local Schools,1073,Grass,Cory Rawson Hornets
Stadium/pages/2084.txt,McComb Stadium,,"328 S. Todd St. -- McComb, Ohio  45858",McComb Local Schools,1640,Grass,McComb Panthers
Stadium/pages/2085.txt,Van Buren Stadium,,"217 South Main Street -- Van Buren, Ohio  45889",Van Buren Local Schools,2511,Grass,Van Buren Black Knights
Stadium/pages/2086.txt,Hinkle Field,,"301 S. East Street -- Vanlue, Ohio  45890",Vanlue Local Schools,875,Grass,Vanlue Wildcats
Stadium/pages/2087.txt,Ada War Memorial Park,,"401 N Park Dr -- Ada, Ohio  45810",Ada Exempted Village Schools,2283,Grass,Ada Bulldogs
Stadium/pages/2088.txt,Hardin Northern Football Field,,"11589 State Route 81 -- Dola, Ohio  45835",Hardin Northern Local School District,853,Grass,Hardin Northern Polar Bears
Stadium/pages/2089.txt,Dial-Roberson Stadium,,"3768 Klinger Rd -- Ada, Ohio  45810",Ohio Northern University,3500,Artificial,Northern University Polar Bears
Stadium/pages/2090.txt,Ridgemont Golden Gophers Stadium,,"171 South East Street -- Ridgeway, Ohio  43345",Ridgemont Local School District,988,Grass,Ridgemont Golden Gophers
Stadium/pages/2091.txt,D. Ray Baum Field,,"20613 OH-37 -- Mt Blanchard, Ohio  45867",Riverdale Local Schools,1870,Grass,Riverdale Falcons
Stadium/pages/2092.txt,Upper Scioto Valley Stadium,,"510 South Courtright -- McGuffey, Ohio  45859",Upper Scioto Valley School District,959,Grass,Upper Scioto Valley Rams
Stadium/pages/2093.txt,Harrison Central Stadium,,"440 East Market Street -- Cadiz, Ohio  43907",Harrison Hills City Schools,2384,Artificial,Harrison Central Huskies
Stadium/pages/2094.txt,Holgate Tiger Stadium,,"801 East Joe E. Brown Avenue -- Holgate, Ohio  43527",Holgate Local Schools,1481,Grass,Holgate Tigers
Stadium/pages/2095.txt,Napoleon Wildcat Stadium,,"701 Briarheath Drive -- Napoleon, Ohio  43545",Napoleon Area City Schools,4391,Grass,Napoleon Wildcats
Stadium/pages/2096.txt,Don Swanson Field,,"6900 State Route 18 -- Hamler, Ohio  43524",Patrick Henry Local Schools,2395,Grass,Patrick Henry Patriots
Stadium/pages/2097.txt,McClain Tiger Stadium,,"200 N. 5th Street -- Greenfield, Ohio  45123",Greenfield Exempted Village Schools,2338,Grass,McClain Tigers
Stadium/pages/2098.txt,New London Wildcat Stadium,,"120 Clifton Street -- New London, Ohio  44851",New London Local Schools,1760,Grass,New London Wildcat
Stadium/pages/2099.txt,Warren Whitney Field,,"16-24 St. Mary's Street -- Norwalk, Ohio  44870",Norwalk City School District,2934,Grass,Norwalk Truckers_Saint Paul Flyers
Stadium/pages/2100.txt,South Central Stadium,,"3305 Greenwich-Angling Rd. -- Greenwich, Ohio  44837",South Central Local Schools,1321,Grass,South Central Trojans
Stadium/pages/2101.txt,Willard Stadium,,"1 Flashes Avenue -- Willard, Ohio  44890",Willard City Schools,394,Grass,Willard Flashes
Stadium/pages/2102.txt,Davis Stadium,,"5063 OH-93 -- Oak Hill, Ohio  45656",Oak Hill Union Local Schools,2124,Artificial,Oak Hill Mighty Oaks
Stadium/pages/2103.txt,C.H. Jones Field,,"899 S Pennsylvania Ave -- Wellston, Ohio  45692",Wellston City Schools,1544,Grass,Wellston Rockets
Stadium/pages/2104.txt,World War II Memorial Stadium,,"201 Wilber Avenue -- Yorkville, Ohio  43971",Buckeye Local School District,3342,Grass,Photo Credit:_flickr.com/Sykotyk/sets/_Buckeye Local High School Panthers
Stadium/pages/2105.txt,Kettlewell Memorial Stadium,,"200 Park Drive -- Wintersville, Ohio  43953",Indian Creek School District,4288,Grass,Indian Creek Redskins
Stadium/pages/2106.txt,Centerburg Football Stadium,,"207 S Preston St. -- Centerburg, Ohio  43011",Centerburg Local Schools,1064,Grass,Centerburg Trojans
Stadium/pages/2107.txt,Municipal Stadium,,"8 E Washington St -- Danville, Ohio  43014",City of Danville,1647,Grass,Danville Blue Devils
Stadium/pages/2108.txt,East Knox Stadium,,"23227 Coshocton Road -- Howard, Ohio  43028",East Knox Local Schools,1539,Grass,East Knox Bulldogs
Stadium/pages/2109.txt,Yellow Jacket Stadium,,"896 S Division St -- Mt Vernon, Ohio  43050",Mount Vernon City Schools,4437,Artificial,Mount Vernon Yellow Jackets
Stadium/pages/2110.txt,Rogers Field,,"9252 Chillicothe Road -- Kirtland, Ohio  44094",Kirtland Local Schools,1361,Grass,Kirtland Hornets
Stadium/pages/2112.txt,Jack Britt Memorial Stadium,,"301 Latimore Street -- Painesville, Ohio  44077",City of Painesville,3000,Artificial,Harvey Red Raiders_Lake Erie College Storm
Stadium/pages/2114.txt,Riverside Stadium,,"585 Riverside Drive -- Painesville, Ohio  44077",Riverside Local Schools,5186,Grass,Riverside Beavers
Stadium/pages/2115.txt,Wickliffe Blue Devil Stadium,,"2221 Rockefeller Road -- Wickliffe, Ohio  44092",Wickliffe City School District,4108,Grass,Wickliffe Blue Devils
Stadium/pages/2116.txt,Chesapeake Panthers Field,,"10181 County Road 1 -- Chesapeake, Ohio  45619",Chesapeake Union Exempted Village Schools,3500,Artificial,Chesapeake Panthers
Stadium/pages/2117.txt,Fairland Dragons Stadium,,"110 Township Rd 1125 -- Proctorville, Ohio  45669",Fairland Local Schools,1211,Grass,Fairland Dragons
Stadium/pages/2118.txt,South Point Pointers Stadium,,"983 County Road 60 -- South Point, Ohio  45680",South Point Local Schools,3664,Artificial,South Point Pointers
Stadium/pages/2119.txt,Symmes Valley Stadium,,"14778 SR 141 -- Willow Wood, Ohio  45696",Symmes Valley Local Schools,1384,Grass,Symmes Valley Vikings
Stadium/pages/2120.txt,Granville Football Stadium,,"248 New Burg Street -- Granville, Ohio  43023",Granville Exempted Village Schools,2396,Grass,Granville Blue Aces
Stadium/pages/2121.txt,Deeds Field-Piper Stadium,,"100 Livingston Dr -- Granville, Ohio  43023",Denison University,3000,Artificial,Denison University Big Red
Stadium/pages/2122.txt,Claymont Stadium,,"1200 Eastport Ave -- Uhrichsville, Ohio  44683",Claymont City Schools,2122,Grass,Claymont Mustangs
Stadium/pages/2123.txt,Swank Field,,"300 Licking View Drive -- Heath, Ohio  43056",Heath City Schools,3101,Grass,Heath Bulldogs
Stadium/pages/2124.txt,Johnstown Football Stadium,,"401 S Oregon St -- Johnstown, Ohio  43031",Johnstown-Monroe Local Schools,3068,Artificial,Johnstown Monroe Johnnies
Stadium/pages/2125.txt,Lakewood Lancer Stadium,Calhoun Memorial Field,"9331 Lancer Road -- Hebron, Ohio  43025",Lakewood Local Schools,1750,Artificial,Photo Credit:_Bo Hanson_Lakewood Lancers
Stadium/pages/2126.txt,Licking Heights Football Stadium,,"4000 Mink Street -- Pataskala, Ohio  43062",Licking Heights Local Schools,2927,Grass,Licking Heights Hornets
Stadium/pages/2127.txt,Licking Valley Field,,"100 Hainsview Drive, NE -- Newark, Ohio  43055",Licking Valley Local Schools,3210,Artificial,Licking Valley Panthers
Stadium/pages/2128.txt,Redskins Stadium,,"312 Maple Ave -- Utica, Ohio  43055",North Fork Local Schools,2184,Grass,Utica Redskins
Stadium/pages/2129.txt,Northridge Stadium,,"2251 Timber Lane -- Dayton, Ohio  45414",Northridge Local Schools,3284,Grass,Northridge Polar Bears
Stadium/pages/2130.txt,Indian Lake Stadium,,"6210 SR 235 N -- Lewistown, Ohio  43333",Indian Lake Local Schools,2963,Grass,Indian Lake Lakers
Stadium/pages/2131.txt,Amherst Memorial Field,,"450 Washington Street -- Amherst, Ohio  44001",Amherst Exempted Village Schools,0,Grass,Amherst Steele Comets
Stadium/pages/2132.txt,Tom Hoch Field,,"4700 Broadway Ave. -- Lorain, Ohio  44052",Clearview Local Schools,2711,Grass,Clearview Clippers
Stadium/pages/2133.txt,Columbia Raiders Field,,"14168 West River Road -- Columbia Station, Ohio  44028",Columbia Local Schools,1228,Grass,Columbia Raiders
Stadium/pages/2134.txt,Firelands Field,,"10643 Vermilion Rd. -- Oberlin, Ohio  44074",Firelands Local Schools,1652,Grass,Firelands Falcons
Stadium/pages/2135.txt,Keystone Stadium,,"580 Opportunity Way -- LaGrange, Ohio  44050",Keystone Local School District,1480,Grass,Keystone Wildcats
Stadium/pages/2136.txt,Oberlin Phoenix Field,,"281 North Pleasant Street -- Oberlin, Ohio  44074",Oberlin City Schools,1152,Grass,Oberlin Phoenix
Stadium/pages/2137.txt,Brookside Stadium,,"1662 Harris Road -- Sheffield, Ohio  44054",Sheffield-Sheffield Lake City Schools,1691,Grass,Brookside Cardinals
Stadium/pages/2138.txt,Wellington Stadium,,"398 Dickson St -- Wellington, Ohio  44090",Wellington Exempted Village Schools,2732,Grass,Wellington Dukes
Stadium/pages/2139.txt,Anthony Wayne Stadium,,"5967 Finzel Rd -- Whitehouse, Ohio  43571",Anthony Wayne Local Schools,3699,Grass,Anthony Wayne Generals
Stadium/pages/2140.txt,Maumee Football Stadium,,"1147 Saco Street -- Maumee, Ohio  43537",Maumee City Schools,2800,Grass,Maumee Panthers
Stadium/pages/2141.txt,Justin F. Coressel Stadium,,"701 N Clinton St -- Defiance, Ohio  43512",Defiance College,4000,Artificial,Defiance College Yellow Jackets
Stadium/pages/2142.txt,Ottawa Hills Stadium,,"2532 Evergreen Rd -- Ottawa Hills, Ohio  43606",Ottawa Hills Local Schools,946,Artificial,Ottawa Hills Bears
Stadium/pages/2143.txt,Springfield Stadium,,"1880 Canton Road -- Akron, Ohio  44312",Springfield Local Schools,2947,Grass,Springfield Spartans
Stadium/pages/2144.txt,Northview Wildcat Stadium,,"5403 Silica Drive -- Sylvania, Ohio  43560",Sylvania City Schools,2390,Artificial,Northview Wildcats
Stadium/pages/2145.txt,Southview Cougar Stadium,,"7225 Sylvania Avenue -- Sylvania, Ohio  43560",Sylvania City Schools,1003,Grass,Southview Cougars
Stadium/pages/2146.txt,Volunteer Field,,"9200 US Route 42 S -- Plain City, Ohio  43064",Jonathan Alder Local Schools,2867,Grass,Jonathan Alder Pioneers
Stadium/pages/2147.txt,Bowlus Field,,"336 Elm Street -- London, Ohio  43140",London City Schools,4579,Artificial,London Red Raiders
Stadium/pages/2148.txt,Madison Plains Eagles Stadium,,"55 Linson Road -- London, Ohio  43140",Madison-Plains Local Schools,1679,Grass,Madison Plains Eagles
Stadium/pages/2149.txt,Jackson-Milton Community Stadium,,"10748 Mahoning Ave -- North Jackson, Ohio  44451",Jackson-Milton Local Schools,1350,Grass,Jackson Milton  Bluejays
Stadium/pages/2150.txt,Paul Menichini Field,,"52 Rocket Place -- Lowellville, Ohio  44436",Lowellville Local Schools,1220,Grass,Photo Credit:_flickr.com/Sykotyk/sets/_Lowellville Rockets
Stadium/pages/2151.txt,Schaefer - Davies Stadium,,"117 N 13th St -- Sebring, Ohio  44672",Sebring Local Schools,1554,Grass,McKinley High School Trojans
Stadium/pages/2152.txt,South Range Raider Stadium,,"11300 Columbiana-Canfield Rd. -- Canfield, Ohio  44406",South Range Local Schools,500,Artificial,South Range Raiders
Stadium/pages/2153.txt,Laddie J. Fedor Field,,"111 Euclid Ave. -- Struthers, Ohio  44471",Struthers City Schools,2868,Artificial,Photo Credit:_flickr.com/Sykotyk/sets/_Struthers Wildcats
Stadium/pages/2154.txt,Western Reserve Stadium,,"13850 W Akron-Canfield Rd -- Berlin Center, Ohio  44401",Western Reserve Local Schools,1539,Grass,Western Reserve Blue Devils
Stadium/pages/2155.txt,Elgin Football Field,,"1150 Keener Rd. South -- Marion, Ohio  43302",Elgin Local Schools,1228,Grass,Elgin Comets
Stadium/pages/2156.txt,Spartan Stadium,,"1101 Owens Road West -- Marion, Ohio  43302",Pleasant Local Schools,2056,Grass,Pleasant High School Spartans
Stadium/pages/2157.txt,Ridgedale Stadium,,"3165 Hillman Ford Road -- Morral, Ohio  43337",Ridgedale Local Schools,1518,Grass,Ridgedale Rockets
Stadium/pages/2158.txt,River Valley Vikings Stadium,,"4280 Marion-Mt. Gilead Rd. -- Caledonia, Ohio  43314",River Valley Local Schools,2784,Grass,River Valley Vikings
Stadium/pages/2159.txt,Black River Pirate Stadium,,"233 County Road 40 -- Sullivan, Ohio  44880",Black River Local Schools,1625,Grass,Black River Pirates
Stadium/pages/2160.txt,Eastern High School Field,,"38900 SR 7 -- Reedsville, Ohio  45772",Eastern Local Schools,800,Grass,Eastern High School Eagles
Stadium/pages/2162.txt,Bethel Bees Stadium,,"7490 S. State Rt. 201 -- Tipp City, Ohio  45371",Bethel Local Schools,867,Grass,Bethel Bees
Stadium/pages/2163.txt,Railroader Stadium,,"750 Railroad Avenue -- Bradford, Ohio  45308",Bradford Exempted Village Schools,982,Grass,Bradford Railroaders
Stadium/pages/2164.txt,Miami East Stadium,,"3825 OH-589 -- Casstown, Ohio  45312",Miami East Local Schools,2013,Grass,Miami East Vikings
Stadium/pages/2165.txt,Good Samaritan North/UVMV Stadium,,"35 Parkwood Dr -- Tipp City, Ohio  45371",Tipp City Exempted Village,2450,Grass,Tippecanoe Red Devils
Stadium/pages/2166.txt,Brookville Stadium,,"1 Blue Pride Drive -- Brookville, Ohio  45309",Brookville Local Schools,1878,Grass,Brookville Blue Devils
Stadium/pages/2167.txt,Jefferson Township Field,,"2701 S. Union Rd. -- Dayton, Ohio  45417",Jefferson Township Local Schools,1523,Grass,Jefferson Broncos
Stadium/pages/2168.txt,Chester A. Roush Stadium,,"3750 Far Hills Ave -- Kettering, Ohio  45429",Kettering City Schools,6522,Artificial,Kettering Fairmont Firebirds_Archbishop  Alter Knights
Stadium/pages/2169.txt,Edmundson Stadium,,"1900 Harshman Rd -- Dayton, Ohio  45424",Mad River Local Schools,3121,Artificial,Stebbins Indians
Stadium/pages/2170.txt,Miamisburg Stadium,Harmon Field,"1860 Belvo Rd. -- Miamisburg, Ohio  45342",Miamisburg City Schools,5800,Artificial,Miamisburg Vikings
Stadium/pages/2171.txt,James E 'Chief' Brown Field,,"300 South Fuls Road -- New Lebanon, Ohio  45345",New Lebanon Local Schools,1729,Grass,Dixie Greyhounds
Stadium/pages/2172.txt,Good Samaritan Stadium,,"4916 West National Road -- Clayton, Ohio  45315",Northmont City Schools,6272,Artificial,Northmont Thunderbolts
Stadium/pages/2173.txt,Mack Hummon Stadium,,"1200 Far Hills Avenue -- Oakwood, Ohio  45419",Oakwood City Schools,1014,Grass,Oakwood Lumberjacks
Stadium/pages/2174.txt,Trotwood-Madison Stadium,,"4440 North Union Road -- Trotwood, Ohio  45426",Trotwood-Madison City Schools,3031,Artificial,Trotwood-Madison Rams
Stadium/pages/2175.txt,Valley View Stadium,,"6027 Farmersville Pike -- Germantown, Ohio  45327",Valley View Schools,2600,Artificial,Valley View Spartans
Stadium/pages/2176.txt,Vandalia-Butler Stadium,,"600 South Dixie Drive -- Vandalia, Ohio  45377",Vandalia-Butler City Schools,3241,Artificial,Butler Aviators
Stadium/pages/2177.txt,DOC Stadium,,"5833 Student Street -- West Carrollton, Ohio  45449",West Carrollton City Schools,2769,Artificial,West Carrollton Pirates
Stadium/pages/2178.txt,Highland Stadium,,"4150 Ridge Rd -- Medina, Ohio  44256",Highland Local Schools,3981,Artificial,Medina Bees
Stadium/pages/2179.txt,Mount Gilead Stadium,,"338 Park Avenue -- Mount Gilead, Ohio  43338",Mount Gilead Exempted Village Schools,2225,Grass,Mount Gilead Indians
Stadium/pages/2180.txt,Galion Stadium,,"7819 State Route 19 -- Galion, Ohio  44833",Northmor Local School District,1073,Grass,Tigers
Stadium/pages/2181.txt,McConagha Stadium,Sherman Field,"163 Stormont St -- New Concord, Ohio  43762",Muskingum University,3703,Artificial,Muskingum University Muskies
Stadium/pages/2182.txt,Jack Anderson Stadium,,"46 E. Muskingum Ave. -- Dresden, Ohio  43821",Tri-Valley Local Schools,3475,Artificial,Tri-Valley Scotties
Stadium/pages/2183.txt,West Muskingum Football Stadium,,"150 Kimes Rd. -- Zanesville, Ohio  43701",West Muskingum Local Schools,1768,Grass,West Muskingum Tornadoes
Stadium/pages/2184.txt,Howard J. Devol Field,,"Co Rd 56 -- Caldwell, Ohio  43724",Noble County Ohio,400,Grass,Caldwell Redskins
Stadium/pages/2185.txt,Oak Harbor Football Field,,"11661 W. State Route 163 -- Oak Harbor, Ohio  43449",Benton Carroll Salem Local Schools.,3158,Grass,Oak Harbor Rockets
Stadium/pages/2187.txt,Danbury Athletic Field,,"9451 E. Harbor Road -- Lakeside-Marblehead, Ohio  43440",Danbury Local Schools,1236,Grass,Danbury Lakers
Stadium/pages/2188.txt,Ram Field at Startek Stadium,,"600 Esley Ln -- Mansfield, Ohio  44905",Madison Local School District (Richland),3932,Artificial,Madison Rams
Stadium/pages/2189.txt,Antwerp Football Field,,"9 Waterplant Dr -- Antwerp, Ohio  45813",Antwerp Local Schools,544,Grass,Antwerp
Stadium/pages/2190.txt,Paulding Athletic Field,,"19 Miles Street -- Paulding, Ohio  45879",Paulding Exempted Village Schools,2437,Grass,Paulding Panthers
Stadium/pages/2191.txt,Village Park,,"Park Drive -- Crooksville, Ohio  43731",Crooksville Exempted Village School District,1762,Grass,Crooksville Ceramics
Stadium/pages/2192.txt,Paul Culver Jr. Stadium,,"8660 Sheridan Road NW -- Thornville, Ohio  43076",Northern Local School District,3504,Artificial,Sheridan High School Generals
Stadium/pages/2193.txt,Miller High School Field,,"10397 State Route 155 -- Corning, Ohio  43730",Southern Local School District,874,Grass,Miller High School Falcons
Stadium/pages/2194.txt,Tiger Field,at Savings Bank Stadium,"380 Clark Drive -- Circleville, Ohio  43113",Circleville City Schools District,3254,Grass,Circleville Tigers
Stadium/pages/2195.txt,Teays Valley Vikings Stadium,,"3887 State Route 752 -- Ashville, Ohio  43103",Teays Valley Local School District,3306,Grass,Teays Valley Vikings
Stadium/pages/2196.txt,Westfall Mustangs Football Stadium,,"19463 Pherson Pike -- Williamsport, Ohio  43164",Westfall Local Schools,1487,Grass,Westfall Mustangs
Stadium/pages/2197.txt,Eastern High School Eagles Stadium,,"1170 Tile Mill Rd. -- Beaver, Ohio  45613",Eastern Local Schools,955,Grass,Eastern High School Eagles
Stadium/pages/2198.txt,J. Madeira Brown Memorial Stadium,,"225 West Street -- Piketon, Ohio  45661",Scioto Valley Local Schools,1600,Grass,Piketon Red Streaks
Stadium/pages/2199.txt,Falcons Field,,"2900 State Route 43 -- Mogadore, Ohio  44260",Field Local Schools,2880,Grass,Field High School Falcons
Stadium/pages/2200.txt,JAG Field,,"10235 SR 88 -- Garrettsville, Ohio  44231",James A. Garfield Local Schools,1322,Grass,Photo Credit:_flickr.com/Sykotyk/sets/_Garfield G-Men
Stadium/pages/2201.txt,Roosevelt Stadium,,"1400 N. Mantua St. -- Kent, Ohio  44240",Kent City School District,5256,Grass,Roosevelt Rough Riders
Stadium/pages/2202.txt,Robert C Dunn Field,,"4140 State Route 44 -- Rootstown, Ohio  44272",Rootstown Local Schools,1143,Grass,Rootstown Rovers
Stadium/pages/2203.txt,Southeast High School Football Field,,"8423 Tallmadge Rd -- Ravenna, Ohio  44266",Southeast Local Schools,1358,Grass,Southeast High School Pirates
Stadium/pages/2204.txt,Streetsboro Rockets Stadium,,"8585 State Route 14
Streetsboro, OH 44241 -- Streetsboro, Ohio  44241",Streetsboro City Schools,2500,Artificial,Streetsboro Rockets
Stadium/pages/2205.txt,Waterloo Stadium,,"1464 Industry Road -- Atwater, Ohio  44201",Waterloo Local Schools,2043,Grass,Waterloo Vikings
Stadium/pages/2206.txt,Windham Field,,"9530 Bauer Avenue -- Windham,   44288",Windham Exempted Village Schools,1680,Grass,Windham Bombers
Stadium/pages/2207.txt,Eaton High School Stadium,,"600 Hillcrest Drive -- Eaton, Ohio  45320",Eaton Community Schools City,3614,Artificial,Eaton Fighting Eagles
Stadium/pages/2208.txt,National Trail Stadium,,"6940 Oxford-Gettysburg Rd. -- New Paris, Ohio  45347",National Trail Local Schools,1285,Grass,National Trail Blazers
Stadium/pages/2209.txt,Tri County North High School Stadium,,"436 North Commerce St. -- Lewisburg, Ohio  45338",Tri-County North Local Schools,1024,Grass,Tri County North High School Panthers
Stadium/pages/2210.txt,Twin Valley South Stadium,,"100 Education Drive -- West Alexandria, Ohio  45381",Twin Valley Community Local Schools,1697,Grass,Twin Valley South High School Panthers
Stadium/pages/2211.txt,Leipsic Vikings Field,,"232 Oak Street -- Leipsic, Ohio  45856",Leipsic Local Schools,1120,Grass,Leipsic Vikings
Stadium/pages/2212.txt,Titan Stadium,,"630 Glendale Ave. -- Ottawa, Ohio  45875",Ottawa-Glandorf Local Schools,2542,Grass,Ottawa-Glandorf  Titans
Stadium/pages/2213.txt,CFHS Stadium,Colt Corral,"987 State Route 97 East -- Bellville, Ohio  44813",Clear Fork Valley Local School,2334,Grass,Clear Fork Colts
Stadium/pages/2214.txt,Crestview High School Stadium,,"1575 State Route 96 -- Ashland, Ohio  44805",Crestview Local Schools,1587,Grass,Crestview Cougars
Stadium/pages/2215.txt,Lexington Minutemen Stadium,,"103 Clever Ln -- Lexington, Ohio  44904",Lexington Local Schools,4447,Grass,Lexington Minutemen
Stadium/pages/2216.txt,Ontario Warriors Field,,"467 Shelby-Ontario Road -- Ontario, Ohio  44906",Ontario Local Schools,2648,Grass,Ontario Warriors
Stadium/pages/2217.txt,Plymouth-Shiloh Alumni Field,,"400 Trux Street -- Plymouth, Ohio  44865",Plymouth-Shiloh Local Schools,1347,Grass,Plymouth BIG RED
Stadium/pages/2218.txt,William J. Wilkins Stadium,,"1 Whippet Way -- Shelby, Ohio  44875",Shelby City Schools,600,Grass,Shelby Whippets
Stadium/pages/2219.txt,Adena Football Field,,"210 Springfield Street -- Frankfort, Ohio  45628",Adena Local Schools,1654,Grass,Adena Warriors
Stadium/pages/2220.txt,Huntington Football Stadium,,"6021 Blain Hwy -- Chillicothe, Ohio  45601",Huntington Local Schools,1389,Grass,Huntington Huntsmen
Stadium/pages/2221.txt,Paint Valley Stadium,,"7454 US-50 -- Bainbridge, Ohio  45612",Paint Valley Local Schools,1708,Grass,Paint Valley Bearcats
Stadium/pages/2222.txt,Unioto Football Stadium,,"14193 Pleasant Valley Rd -- Chillicothe, Ohio  45601",Union-Scioto Local Schools,2567,Artificial,Unioto Sherman
Stadium/pages/2223.txt,Zane Trace Football Stadium,,"946 State Route 180 -- Chillicothe, Ohio  45601",Zane Trace Local Schools,1675,Grass,Zane Trace Pioneers
Stadium/pages/2224.txt,Gibsonburg Football Stadium,,"740 S. Main St. -- Gibsonburg, Ohio  43431",Gibsonburg Exempted Village,2262,Grass,Gibsonburg Golden Bears
Stadium/pages/2225.txt,Wildcat Stadium,,"633 Fremont St. -- Elmore, Ohio  43416",Woodmore Local Schools,1890,Grass,Woodmore Wildcats
Stadium/pages/2226.txt,Green Memorial Stadium,,"1737 Steese Road -- Uniontown, Ohio  44685",Green Local Schools,5458,Artificial,Green High School Bulldogs
Stadium/pages/2227.txt,South Webster Football Field,,"215 Falcon Rd -- South Webster, Ohio  45682",Minford Local School,625,Grass,South Webster Jeeps
Stadium/pages/2228.txt,Northwest High School Stadium,,"692 Mohawk Drive -- McDermott, Ohio  45652",Northwest Local Schools (Scioto),2100,Grass,Northwest High School Mohawks
Stadium/pages/2229.txt,Valley Indians Stadium,,"1821 OH-728 -- Lucasville, Ohio  45648",Valley Local School District,4709,Artificial,Valley Indians
Stadium/pages/2230.txt,Ed Miller Stadium,,"800 Pirate D -- Wheelersburg, Ohio  45694",Wheelersburg Local Schools,3620,Artificial,Wheelersburg Pirates
Stadium/pages/2231.txt,Fostoria Memorial Stadium,,"530 Stadium Dr -- Fostoria, Ohio  44830",Fostoria Local Schools,5136,Grass,Fostoria Redmen
Stadium/pages/2232.txt,Hopewell Loudon Stadium,,"181 N. County Road 7 -- Bascom, Ohio  44809",Hopewell-Loudon Local Schools,1484,Grass,Hopewell Loudon School Chieftains
Stadium/pages/2233.txt,Frost-Kalnow Stadium,,"300 S Monroe St -- Tiffin, Ohio  44883",Tiffin City Schools,4100,Artificial,Columbian Tornadoes
Stadium/pages/2234.txt,Anna Booster Field,,"#1 McRill Way -- Anna, Ohio  45302",Anna Local Schools,2181,Grass,Anna Rockets
Stadium/pages/2235.txt,Fort Loramie Stadium,,"575 Greenback Rd -- Fort Loramie, Ohio  45845",Fort Loramie Local Schools,2394,Grass,Fort Loramie Redskins
Stadium/pages/2236.txt,Community Stadium,,"5976 Mahoning Ave -- Warren, Ohio  44483",Champion Local Schools,2247,Grass,Champion Golden Flashes
Stadium/pages/2237.txt,Lombardo Field,,"200 Shaffer Drive NE -- Warren, Ohio  44484",Howland Local Schools,3521,Grass,Photo Credit:_flickr.com/Sykotyk/sets/_Howland High Tigers
Stadium/pages/2238.txt,Labrae Stadium,,"1001 N Leavitt Rd NW -- Leavittsburg, Ohio  44430",LaBrae Local School District,2277,Grass,Labrae Vikings
Stadium/pages/2239.txt,Lakeview Bulldog Stadium,,"300 Hillman Dr. -- Cortland, Ohio  44410",Lakeview Local Schools,2017,Grass,Lakeview Bulldogs
Stadium/pages/2240.txt,Newton Falls Stadium,,"909 1/2 Milton Blvd -- Newton Falls, Ohio  44410",Newton Falls Exempted Village Schools,3033,Grass,Newton Falls Tigers
Stadium/pages/2241.txt,Chalker Wildcat Field,,"2482 OH-534 -- Southington, Ohio  44470",Southington Local Schools,673,Grass,Chalker High Wildcats
Stadium/pages/2242.txt,Mineral Ridge Stadium,,"1334 Seaborn St -- Mineral Ridge, Ohio  44440",Weathersfield Local Schools,2961,Grass,Mineral Ridge Rams
Stadium/pages/2243.txt,Van Wert Stadium,,"10708 OH-118 -- Van Wert, Ohio  45891",Van Wert City Schools,1256,Grass,Van Wert Cougars
Stadium/pages/2244.txt,Kelly Field,,"4259 W. State St. -- Midvale, Ohio  44653",Indian Valley Schools,2406,Grass,Indian Valley Braves
Stadium/pages/2245.txt,Lee Stadium,,"659 Beaver St -- Newcomerstown, Ohio  43832",Newcomerstown Exempted Village,3314,Grass,Newcomerstown Trojans
Stadium/pages/2246.txt,Ron Hurst Field,,"137 4th Street Southeast -- Strasburg, Ohio  44680",Strasburg-Franklin Local,1401,Grass,Strasburg-Franklin Tigers
Stadium/pages/2247.txt,Tusky Valley Stadium,,"2633 Tusky Valley Rd NE -- Zoarville, Ohio  44656",Tuscarawas Valley Local Schools,1903,Grass,Tuscarawas Valley Trojans
Stadium/pages/2248.txt,Monarch Stadium,,"800 Amrine Mill Rd -- Marysville, Ohio  43040",Marysville Exempted Village Schools,3361,Grass,Marysville Monarchs
Stadium/pages/2249.txt,North Union Stadium,,"401 N Franklin St -- Richwood, Ohio  43344",North Union Local Schools,1796,Grass,North Union Wildcats
Stadium/pages/2250.txt,Crestview Cougar Stadium,,"1575 State Route 96 -- Ashland, Ohio  44805",Crestview Local Schools,1433,Grass,Crestview Cougars
Stadium/pages/2251.txt,Kings Stadium,,"5620 Columbia Road -- Kings Mills, Ohio  45034",Kings Local Schools,3796,Artificial,Kings High School Knights
Stadium/pages/2252.txt,Carlisle Stadium,,"250 Jamaica Road -- Carlisle, Ohio  45005",Carlisle Local Schools,1633,Grass,Carlisle Indians
Stadium/pages/2253.txt,Franklin Wildcat Stadium,,"7398 OH-123 -- Franklin, Ohio  45005",Franklin City Schools,2816,Artificial,Franklin Wildcats
Stadium/pages/2254.txt,Hi-Five Stadium,,"3001 East U.S. 22 -- Morrow, Ohio  45152",Little Miami Schools,2177,Artificial,Little Miami Panthers
Stadium/pages/2255.txt,CareFlight Field,,"1605 South Main Street -- Springboro, Ohio  45066",Springboro Community Schools,6500,Artificial,Springboro Panthers
Stadium/pages/2256.txt,Waynesville Spartan Field,,"735 Dayton Road -- Waynesville, Ohio  45068",Wayne Local Schools,2072,Artificial,Waynesville Spartans
Stadium/pages/2257.txt,Fort Frye Cadet Stadium,,"420 5th Street -- Beverly, Ohio  45715",Fort Frye Local School District,2097,Grass,Fort Frye Cadets
Stadium/pages/2258.txt,Frontier Cougar Stadium,,"44870 OH-7 -- New Matamoras, Ohio  45767",Frontier Local School District,1117,Grass,Frontier Cougars
Stadium/pages/2259.txt,Don Drumm Stadium,,"101 South 6th Street -- Marietta, Ohio  45750",Marietta College,5000,Artificial,"Marietta College Pioneers,_Marietta High School Tigers"
Stadium/pages/2260.txt,Warren High School Football Stadium,,"130 Warrior Drive -- Vincent, Ohio  45784",Warren Local School District,3512,Grass,Warren Warriors
Stadium/pages/2261.txt,Waterford Wildcats Stadium,,"330 Main St. -- Waterford, Ohio  45786",Wolf Creek Local School District,1211,Grass,Waterford Wildcats
Stadium/pages/2262.txt,Memorial Stadium,,"58 Chestnut -- Doylestown, Ohio  44230",Chippewa Local Schools,1878,Grass,Chippewa Chipps
Stadium/pages/2263.txt,Green Memorial Stadium,,"1737 Steese Rd -- Green, Ohio  44685",Green Local Schools,5947,Artificial,Green High School Bulldogs
Stadium/pages/2264.txt,Husky Stadium,,"7473 North Elyria Road -- West Salem, Ohio  44287",Northwestern Local Schools,1992,Grass,Northwestern Huskies
Stadium/pages/2265.txt,Norwayne Stadium,,"350 S. Main St. -- Creston, Ohio  44217",Norwayne Local Schools,1422,Grass,Norwayne Bobcats
Stadium/pages/2266.txt,Rittman Field,,"185 Douglas Dr -- Rittman, Ohio  44270",Rittman Exempted Village School District,1661,Grass,Rittman Indians
Stadium/pages/2267.txt,Waynedale Stadium,,"9050 Dover Road -- Apple Creek, Ohio  44606",Southeast Local School District,1800,Grass,Waynedale Golden Bears
Stadium/pages/2268.txt,Triway Stadium,Jack Miller Field,"3205 Shreve Road -- Wooster, Ohio  44691",Triway Local Schools,2536,Artificial,Triway Titans
Stadium/pages/2269.txt,Edgerton Field,,"111 E. River Street -- Edgerton, Ohio  43517",Edgerton Local Schools,1298,Grass,Edgerton Bulldogs
Stadium/pages/2270.txt,Golden Bear Stadium,,"1301 Center St -- Bryan, Ohio  43506",Bryan City Schools,1822,Grass,Bryan Golden Bears
Stadium/pages/2271.txt,Leanne Field,,"Irene Dr -- Edon, Ohio  43518",Edon-Northwest Local Schools,753,Grass,Edon Bombers
Stadium/pages/2272.txt,Hobe Krouse Field,,"1155 Charlies Way -- Montpelier, Ohio  43543",Montpelier Exempted Village Schools,1643,Grass,Montpelier Locomotives
Stadium/pages/2273.txt,Stryker Field,,"1246 W Unity-Stryker-Evansport Rd -- Stryker, Ohio  43557",Stryker Local Schools,622,Grass,Stryker Panthers
Stadium/pages/2274.txt,Freedom Field,,"4900 Sugar Ridge Road -- Pemberville, Ohio  43450",Eastwood Local Schools,2150,Grass,Eastwood Eagles
Stadium/pages/2275.txt,Royal Stadium,,"7650 Jerry City Rd -- Bloomdale, Ohio  44817",Elmwood Local Schools,1994,Grass,Elmwood Royals
Stadium/pages/2276.txt,Lake Community Stadium,,"28080 Lemoyne Road -- Millbury, Ohio  43447",Lake Local Schools,3222,Artificial,Lake High Flyers
Stadium/pages/2277.txt,Memorial Field,,"231 East St -- North Baltimore, Ohio  45872",North Baltimore Local Schools,1243,Grass,North Baltimore Tigers
Stadium/pages/2278.txt,Northwood Stadium,,"700 Lemoyne Rd -- Northwood, Ohio  43619",Northwood Local Schools,2253,Grass,Northwood Rangers
Stadium/pages/2279.txt,Otsego Knights Stadium,,"18505 Tontogany Creek Rd #2 -- Bowling Green, Ohio  43402",Otsego Local Schools,2254,Grass,Otsego Knights
Stadium/pages/2280.txt,Perryburg Steinecker Stadium,,"550 E South Boundary St -- Perrysburg, Ohio  43551",Perrysburg Exempted Village Schools,3573,Artificial,Perrysburg Yellow Jackets
Stadium/pages/2281.txt,Rossford Bulldogs Stadium,,"701 Superior St -- Rossford, Ohio  43460",Rossford Exempted Village Schools,2756,Grass,Rossford Bulldogs
Stadium/pages/2282.txt,Memorial Football Field,,"398 Glenn Ave -- Carey, Ohio  43316",Carey Exempted Village Schools,1587,Grass,Carey Blue Devils
Stadium/pages/2283.txt,Upper Sandusky Football Stadium,,"800 N Sandusky Ave -- Upper Sandusky, Ohio  43351",Upper Sandusky Exempted Village Schools,2733,Grass,Upper Sandusky Rams
Stadium/pages/2284.txt,Don Shula Sports Center,Wasmer Field,"2561 S Belvoir Blvd -- University Heights, Ohio  44118",John Carroll University,5416,Artificial,John Carroll University
Stadium/pages/2285.txt,Wasmer Field and Gabor Track,,"1911 W 30Th St -- Cleveland, Ohio  44113",Saint Ignatius High School,413,Artificial,
Stadium/pages/2286.txt,Spire Stadium,at the Spire Institute,"5201 Spire Cir -- Geneva, Ohio  44041",Geneva Area City Schools,7000,Artificial,Geneva Eagles_St John And Paul Heralds
Stadium/pages/2287.txt,Marsh Field,,"66 North St -- Monroeville, Ohio  44847",Monroeville Local Schools,1652,Grass,Monroeville Eagles
Stadium/pages/2288.txt,Viking Stadium,,"6066 Johnstown-Utica Rd. -- Johnstown, Ohio  43031",Northridge Local Schools (Johnstown),1466,Grass,Northridge Vikings
Stadium/pages/2290.txt,Madison Mohawk Stadium,,"5797 W Alexandria Rd -- Middletown, Ohio  45042",Madison Local Schools (Butler),2179,Grass,Madison Mohawks
Stadium/pages/2291.txt,Booster Field,,"4095  Sheridan Dr -- Vienna, Ohio  44473",Mathews Local Schools,1918,Grass,Mathews Mustangs
Stadium/pages/2292.txt,Conway Memorial,Marhofer Field,"4550 Wyoga Lake Rd -- Cuyahoga Falls, Ohio  44224",Walsh Jesuit High School,3300,Artificial,Walsh Jesuit Warriors
Stadium/pages/2293.txt,Premier Health Track at Don Nock Field,,"4 South Charleston Rd -- Jamestown, Ohio  45335",Greeneview Local Schools,1500,Grass,Greeneview Rams
Stadium/pages/2445.txt,Roger Glass Stadium,John Q. Sherman Field,"401 S Perry St -- Dayton, Ohio  45402",Chaminade Julienne High School,2150,Artificial,Chaminade Eagles
Stadium/pages/2446.txt,H. A. Eggerss Stadium,,"205 West Crawford Street -- Van Wert, Ohio  43072",Van Wert City Schools,3800,Fair,Van Wert Cougars
Stadium/pages/2464.txt,West Clermont Stadium,The Wolf Den,"4101 Bach Buxton Road -- Batavia, Ohio  45103",West Clermont Local School District,4000,Artificial,West Clermont Wolves
Stadium/pages/2473.txt,Lutheran West Stadium,,"3850 Linden Rd -- Rocky River, Ohio  44116",Lutheran West,2000,Artificial,Photo Credit:_Aerial Agents_Lutheran West Longhorns
Stadium/pages/2481.txt,Martin Flannery Field,Tyler Fankhauser,"52560 River High School Rd -- Hannibal, Ohio  43931",Switzerland of Ohio School District,3000,Artificial,River Pilots
Stadium/pages/2482.txt,Buddy LaRosa Field at Lancer Stadium,,"3091 North Bend Road -- Cincinnati, Ohio  45239",The Motz Group,8000,Artificial,La Salle Lancers
Stadium/pages/2483.txt,Covrette Stadium,Fishburn Family Field,"1300 St Rt 314 -- Marengo, Ohio  43334",Highland Locals Schools,2206,Artificial,Highland Fighting Scots
Stadium/pages/2484.txt,Jack Johnson Stadium,,"4595 Gender Road -- Canal Winchester, Ohio  43110",,1850,Artificial,Harvest Prep Warriors
Stadium/pages/2485.txt,Lahoski Field,,"4440 Quick Rd -- Peninsula, Ohio  44264",Woodridge Local school District,2500,Grass,Woodridge Bulldogs
Stadium/pages/2487.txt,Rudy Sharkey Stadium,Barberton Stadium,"555 Barber Road -- Barberton, Ohio  44203",Barberton City Schools,7200,Grass,Barberton Magics
Stadium/pages/2488.txt,Angus King Stadium,Withrow Stadium,"2488 Madison Road -- Cincinnati, Ohio  45208",Cincinnati Public Schools,6000,Artificial,Withrow Tigers
Stadium/pages/2489.txt,North College Hill Stadium,,"1620 W. Galbraith Rd. -- North College Hill, Ohio  45239",North College Hill City School District,1200,Grass,North College Hill Trogans
Stadium/pages/2490.txt,Mustang Stadium,,"2144 Ferguson Road -- Cincinnati, Ohio  45238",Cincinnati Public Schools,500,Artificial,Western Hills Mustangs
Stadium/pages/2491.txt,Robert D. Lindner/Richard E. Lindner Athletic Field,CHCA Field,"11525 Snider Road -- Cincinnati, Ohio  45249",Cincinnati Hills Christian Academy,900,Artificial,CHCA Eagles
Stadium/pages/2493.txt,Farrell Ackley Stadium,,"2161 Grandin Rd -- Cincinnati, Ohio  45208",The Summit Country Day School,600,Artificial,Summit Knights
Stadium/pages/2494.txt,Marx Stadium,,"3250 Victory Parkway -- Cincinnati, Ohio  45207",Cincinnati Public Schools,2300,Artificial,Walnut Hills Eagles
Stadium/pages/2495.txt,Bron Bacevich Memorial Stadium,,"35 E Mitchell Ave -- Cincinnati, Ohio  45217",Roger Bacon High School,3400,Artificial,Roger Bacon Spartans
Stadium/pages/2496.txt,Moeller Stadium,,"9001 Mountgomery Road -- Cincinnati, Ohio  45242",Moeller High School,350,Artificial,Fighting Crusaders
Stadium/pages/2498.txt,West High School Stadium,,"179 S. Powell Ave. -- Columbus, Ohio  43204",Columbus City Schools,3000,Grass,West Cowboys
Stadium/pages/2499.txt,Skip Baughman Stadium,The Skip,"240 N. Front   St. -- St Marys, Ohio  45885",St Marys City Schools,3500,Grass,Memorial Roughriders
Stadium/pages/2501.txt,Sheakley Athletics Center,,"1 Champions Avenue -- Cincinnati, Ohio  45219",University of Cincinnati,1000,Artificial,Bearcats
Stadium/pages/2502.txt,Nippert Stadium,Carson Field,"2700 Bearcats Way -- Cincinnati, Ohio  45219",University of Cincinnati,40000,Artificial,Bearcats
